game_id,source_url
1201601,https://static.hardingsports.com/custompages/msoc/2016/hu-01.htm
1201602,https://static.hardingsports.com/custompages/msoc/2016/hu-02.htm
1201603,https://static.hardingsports.com/custompages/msoc/2016/hu-03.htm
1201604,https://static.hardingsports.com/custompages/msoc/2016/hu-04.htm
1201605,https://static.hardingsports.com/custompages/msoc/2016/hu-05.htm
1201606,https://static.hardingsports.com/custompages/msoc/2016/hu-06.htm
1201607,https://static.hardingsports.com/custompages/msoc/2016/hu-07.htm
1201608,https://static.hardingsports.com/custompages/msoc/2016/hu-08.htm
1201609,https://static.hardingsports.com/custompages/msoc/2016/hu-09.htm
1201610,https://static.hardingsports.com/custompages/msoc/2016/hu-10.htm
1201611,https://static.hardingsports.com/custompages/msoc/2016/hu-11.htm
1201612,https://static.hardingsports.com/custompages/msoc/2016/hu-12.htm
1201613,https://static.hardingsports.com/custompages/msoc/2016/hu-13.htm
1201614,https://static.hardingsports.com/custompages/msoc/2016/hu-14.htm
1201615,https://static.hardingsports.com/custompages/msoc/2016/hu-15.htm
1201616,https://static.hardingsports.com/custompages/msoc/2016/hu-16.htm
1201617,https://static.hardingsports.com/custompages/msoc/2016/hu-17.htm
1201618,https://static.hardingsports.com/custompages/msoc/2016/hu-18.htm
1201619,https://static.hardingsports.com/custompages/msoc/2016/hu-19.htm
1201620,https://static.hardingsports.com/custompages/msoc/2016/hu-20.htm
1201701,https://static.hardingsports.com/custompages/msoc/2017/hu-01.htm
1201702,https://static.hardingsports.com/custompages/msoc/2017/hu-02.htm
1201703,https://static.hardingsports.com/custompages/msoc/2017/hu-03.htm
1201704,https://static.hardingsports.com/custompages/msoc/2017/hu-04.htm
1201705,https://static.hardingsports.com/custompages/msoc/2017/hu-05.htm
1201706,https://static.hardingsports.com/custompages/msoc/2017/hu-06.htm
1201707,https://static.hardingsports.com/custompages/msoc/2017/hu-07.htm
1201708,https://static.hardingsports.com/custompages/msoc/2017/hu-08.htm
1201709,https://static.hardingsports.com/custompages/msoc/2017/hu-09.htm
1201710,https://static.hardingsports.com/custompages/msoc/2017/hu-10.htm
1201711,https://static.hardingsports.com/custompages/msoc/2017/hu-11.htm
1201712,https://static.hardingsports.com/custompages/msoc/2017/hu-12.htm
1201713,https://static.hardingsports.com/custompages/msoc/2017/hu-13.htm
1201714,https://static.hardingsports.com/custompages/msoc/2017/hu-14.htm
1201715,https://static.hardingsports.com/custompages/msoc/2017/hu-15.htm
1201716,https://static.hardingsports.com/custompages/msoc/2017/hu-16.htm
1201801,https://static.hardingsports.com/custompages/msoc/2018/hu-01.htm
1201802,https://static.hardingsports.com/custompages/msoc/2018/hu-02.htm
1201803,https://static.hardingsports.com/custompages/msoc/2018/hu-03.htm
1201804,https://static.hardingsports.com/custompages/msoc/2018/hu-04.htm
1201805,https://static.hardingsports.com/custompages/msoc/2018/hu-05.htm
1201806,https://static.hardingsports.com/custompages/msoc/2018/hu-06.htm
1201807,https://static.hardingsports.com/custompages/msoc/2018/hu-07.htm
1201808,https://static.hardingsports.com/custompages/msoc/2018/hu-08.htm
1201809,https://static.hardingsports.com/custompages/msoc/2018/hu-09.htm
1201810,https://static.hardingsports.com/custompages/msoc/2018/hu-10.htm
1201811,https://static.hardingsports.com/custompages/msoc/2018/hu-11.htm
1201812,https://static.hardingsports.com/custompages/msoc/2018/hu-12.htm
1201813,https://static.hardingsports.com/custompages/msoc/2018/hu-13.htm
1201814,https://static.hardingsports.com/custompages/msoc/2018/hu-14.htm
1201815,https://static.hardingsports.com/custompages/msoc/2018/hu-15.htm
1201816,https://static.hardingsports.com/custompages/msoc/2018/hu-16.htm
1201817,https://static.hardingsports.com/custompages/msoc/2018/hu-17.htm
1201901,https://static.hardingsports.com/custompages/msoc/2019/hu-01.htm
1201902,https://static.hardingsports.com/custompages/msoc/2019/hu-02.htm
1201903,https://static.hardingsports.com/custompages/msoc/2019/hu-03.htm
1201904,https://static.hardingsports.com/custompages/msoc/2019/hu-04.htm
1201905,https://static.hardingsports.com/custompages/msoc/2019/hu-05.htm
1201906,https://static.hardingsports.com/custompages/msoc/2019/hu-06.htm
1201907,https://static.hardingsports.com/custompages/msoc/2019/hu-07.htm
1201908,https://static.hardingsports.com/custompages/msoc/2019/hu-08.htm
1201909,https://static.hardingsports.com/custompages/msoc/2019/hu-09.htm
1201910,https://static.hardingsports.com/custompages/msoc/2019/hu-10.htm
1201911,https://static.hardingsports.com/custompages/msoc/2019/hu-11.htm
1201912,https://static.hardingsports.com/custompages/msoc/2019/hu-12.htm
1201913,https://static.hardingsports.com/custompages/msoc/2019/hu-13.htm
1201914,https://static.hardingsports.com/custompages/msoc/2019/hu-14.htm
1201915,https://static.hardingsports.com/custompages/msoc/2019/hu-15.htm
1201916,https://static.hardingsports.com/custompages/msoc/2019/hu-16.htm
1201917,https://static.hardingsports.com/custompages/msoc/2019/hu-17.htm
1201918,https://static.hardingsports.com/custompages/msoc/2019/hu-18.htm
1202001,https://static.hardingsports.com/custompages/msoc/2020/hu-01.htm
1202002,https://static.hardingsports.com/custompages/msoc/2020/hu-02.htm
1202003,https://static.hardingsports.com/custompages/msoc/2020/hu-03.htm
1202004,https://static.hardingsports.com/custompages/msoc/2020/hu-04.htm
1202005,https://static.hardingsports.com/custompages/msoc/2020/hu-05.htm
1202006,https://static.hardingsports.com/custompages/msoc/2020/hu-06.htm
1202101,https://static.hardingsports.com/custompages/msoc/2021/hu-01.htm
1202102,https://static.hardingsports.com/custompages/msoc/2021/hu-02.htm
1202103,https://static.hardingsports.com/custompages/msoc/2021/hu-03.htm
1202104,https://static.hardingsports.com/custompages/msoc/2021/hu-04.htm
1202105,https://static.hardingsports.com/custompages/msoc/2021/hu-05.htm
1202106,https://static.hardingsports.com/custompages/msoc/2021/hu-06.htm
1202107,https://static.hardingsports.com/custompages/msoc/2021/hu-07.htm
1202108,https://static.hardingsports.com/custompages/msoc/2021/hu-08.htm
1202109,https://static.hardingsports.com/custompages/msoc/2021/hu-09.htm
1202110,https://static.hardingsports.com/custompages/msoc/2021/hu-10.htm
1202111,https://static.hardingsports.com/custompages/msoc/2021/hu-11.htm
1202112,https://static.hardingsports.com/custompages/msoc/2021/hu-12.htm
1202113,https://static.hardingsports.com/custompages/msoc/2021/hu-13.htm
1202114,https://static.hardingsports.com/custompages/msoc/2021/hu-14.htm
1202201,https://static.hardingsports.com/custompages/msoc/2022/hu-01.htm
1202202,https://static.hardingsports.com/custompages/msoc/2022/hu-02.htm
1202203,https://static.hardingsports.com/custompages/msoc/2022/hu-03.htm
1202204,https://static.hardingsports.com/custompages/msoc/2022/hu-04.htm
1202205,https://static.hardingsports.com/custompages/msoc/2022/hu-05.htm
1202206,https://static.hardingsports.com/custompages/msoc/2022/hu-06.htm
1202207,https://static.hardingsports.com/custompages/msoc/2022/hu-07.htm
1202208,https://static.hardingsports.com/custompages/msoc/2022/hu-08.htm
1202209,https://static.hardingsports.com/custompages/msoc/2022/hu-09.htm
1202210,https://static.hardingsports.com/custompages/msoc/2022/hu-10.htm
1202211,https://static.hardingsports.com/custompages/msoc/2022/hu-11.htm
1202212,https://static.hardingsports.com/custompages/msoc/2022/hu-12.htm
1202213,https://static.hardingsports.com/custompages/msoc/2022/hu-13.htm
1202214,https://static.hardingsports.com/custompages/msoc/2022/hu-14.htm
1202215,https://static.hardingsports.com/custompages/msoc/2022/hu-15.htm
1202216,https://static.hardingsports.com/custompages/msoc/2022/hu-16.htm
1202217,https://static.hardingsports.com/custompages/msoc/2022/hu-17.htm
1202301,https://static.hardingsports.com/custompages/msoc/2023/hu-01.htm
1202302,https://static.hardingsports.com/custompages/msoc/2023/hu-02.htm
1202303,https://static.hardingsports.com/custompages/msoc/2023/hu-03.htm
1202304,https://static.hardingsports.com/custompages/msoc/2023/hu-04.htm
1202305,https://static.hardingsports.com/custompages/msoc/2023/hu-05.htm
1202306,https://static.hardingsports.com/custompages/msoc/2023/hu-06.htm
1202307,https://static.hardingsports.com/custompages/msoc/2023/hu-07.htm
1202308,https://static.hardingsports.com/custompages/msoc/2023/hu-08.htm
1202309,https://static.hardingsports.com/custompages/msoc/2023/hu-09.htm
1202310,https://static.hardingsports.com/custompages/msoc/2023/hu-10.htm
1202311,https://static.hardingsports.com/custompages/msoc/2023/hu-11.htm
1202312,https://static.hardingsports.com/custompages/msoc/2023/hu-12.htm
1202313,https://static.hardingsports.com/custompages/msoc/2023/hu-13.htm
1202314,https://static.hardingsports.com/custompages/msoc/2023/hu-14.htm
1202315,https://static.hardingsports.com/custompages/msoc/2023/hu-15.htm
1202316,https://static.hardingsports.com/custompages/msoc/2023/hu-16.htm
1202317,https://static.hardingsports.com/custompages/msoc/2023/hu-17.htm
1202318,https://static.hardingsports.com/custompages/msoc/2023/hu-18.htm
1202401,https://static.hardingsports.com/custompages/msoc/2024/hu-01.htm
1202402,https://static.hardingsports.com/custompages/msoc/2024/hu-02.htm
1202403,https://static.hardingsports.com/custompages/msoc/2024/hu-03.htm
1202404,https://static.hardingsports.com/custompages/msoc/2024/hu-04.htm
1202405,https://static.hardingsports.com/custompages/msoc/2024/hu-05.htm
1202406,https://static.hardingsports.com/custompages/msoc/2024/hu-06.htm
1202407,https://static.hardingsports.com/custompages/msoc/2024/hu-07.htm
1202408,https://static.hardingsports.com/custompages/msoc/2024/hu-08.htm
1202409,https://static.hardingsports.com/custompages/msoc/2024/hu-09.htm
1202410,https://static.hardingsports.com/custompages/msoc/2024/hu-10.htm
1202411,https://static.hardingsports.com/custompages/msoc/2024/hu-11.htm
1202412,https://static.hardingsports.com/custompages/msoc/2024/hu-12.htm
1202413,https://static.hardingsports.com/custompages/msoc/2024/hu-13.htm
1202414,https://static.hardingsports.com/custompages/msoc/2024/hu-14.htm
1202415,https://static.hardingsports.com/custompages/msoc/2024/hu-15.htm
1202416,https://static.hardingsports.com/custompages/msoc/2024/hu-16.htm
1202417,https://static.hardingsports.com/custompages/msoc/2024/hu-17.htm
1202418,https://static.hardingsports.com/custompages/msoc/2024/hu-18.htm
1202501,https://static.hardingsports.com/custompages/msoc/2025/hu-01.htm
1202502,https://static.hardingsports.com/custompages/msoc/2025/hu-02.htm
1202503,https://static.hardingsports.com/custompages/msoc/2025/hu-03.htm
1202504,https://static.hardingsports.com/custompages/msoc/2025/hu-04.htm
1202505,https://static.hardingsports.com/custompages/msoc/2025/hu-05.htm
1202506,https://static.hardingsports.com/custompages/msoc/2025/hu-06.htm
1202507,https://static.hardingsports.com/custompages/msoc/2025/hu-07.htm
1202508,https://static.hardingsports.com/custompages/msoc/2025/hu-08.htm
1202509,https://static.hardingsports.com/custompages/msoc/2025/hu-09.htm
1202510,https://static.hardingsports.com/custompages/msoc/2025/hu-10.htm
1202511,https://static.hardingsports.com/custompages/msoc/2025/hu-11.htm
1202512,https://static.hardingsports.com/custompages/msoc/2025/hu-12.htm
1202513,https://static.hardingsports.com/custompages/msoc/2025/hu-13.htm
1202514,https://static.hardingsports.com/custompages/msoc/2025/hu-14.htm
1202515,https://static.hardingsports.com/custompages/msoc/2025/hu-15.htm
1202516,https://static.hardingsports.com/custompages/msoc/2025/hu-16.htm
1202517,https://static.hardingsports.com/custompages/msoc/2025/hu-17.htm
1202518,https://static.hardingsports.com/custompages/msoc/2025/hu-18.htm
2201901,https://fhsuathletics.com/sports/mens-soccer/stats/2019/rockhurst/boxscore/4291
2201902,https://fhsuathletics.com/sports/mens-soccer/stats/2019/eastern-new-mexico/boxscore/4292
2201903,https://fhsuathletics.com/sports/mens-soccer/stats/2019/maryville-university/boxscore/4293
2201904,https://fhsuathletics.com/sports/mens-soccer/stats/2019/regis-university/boxscore/4294
2201905,https://fhsuathletics.com/sports/mens-soccer/stats/2019/northeastern-state/boxscore/4295
2201906,https://fhsuathletics.com/sports/mens-soccer/stats/2019/rogers-state/boxscore/4296
2201907,https://fhsuathletics.com/sports/mens-soccer/stats/2019/ouachita-baptist/boxscore/4297
2201908,https://fhsuathletics.com/sports/mens-soccer/stats/2019/harding/boxscore/4298
2201909,https://fhsuathletics.com/sports/mens-soccer/stats/2019/newman/boxscore/4299
2201910,https://fhsuathletics.com/sports/mens-soccer/stats/2019/oklahoma-baptist/boxscore/4300
2201911,https://fhsuathletics.com/sports/mens-soccer/stats/2019/southern-nazarene/boxscore/4301
2201912,https://fhsuathletics.com/sports/mens-soccer/stats/2019/rogers-state/boxscore/4302
2201913,https://fhsuathletics.com/sports/mens-soccer/stats/2019/northeastern-state/boxscore/4303
2201914,https://fhsuathletics.com/sports/mens-soccer/stats/2019/harding/boxscore/4304
2201915,https://fhsuathletics.com/sports/mens-soccer/stats/2019/ouachita-baptist/boxscore/4305
2201916,https://fhsuathletics.com/sports/mens-soccer/stats/2019/newman/boxscore/4306
2201917,https://fhsuathletics.com/sports/mens-soccer/stats/2019/southern-nazarene/boxscore/4307
2201918,https://fhsuathletics.com/sports/mens-soccer/stats/2019/oklahoma-baptist/boxscore/4308
2201919,https://fhsuathletics.com/sports/mens-soccer/stats/2019/harding/boxscore/4335
2201920,https://fhsuathletics.com/sports/mens-soccer/stats/2019/rogers-state/boxscore/4674
2201921,https://fhsuathletics.com/sports/mens-soccer/stats/2019/indianapolis/boxscore/4309
2202101,https://fhsuathletics.com/sports/mens-soccer/stats/2021/csu-pueblo/boxscore/10161
2202102,https://fhsuathletics.com/sports/mens-soccer/stats/2021/msu-denver/boxscore/10162
2202103,https://fhsuathletics.com/sports/mens-soccer/stats/2021/maryville/boxscore/10163
2202104,https://fhsuathletics.com/sports/mens-soccer/stats/2021/rockhurst/boxscore/10164
2202105,https://fhsuathletics.com/sports/mens-soccer/stats/2021/texas-am-international/boxscore/10165
2202106,https://fhsuathletics.com/sports/mens-soccer/stats/2021/colorado-mesa/boxscore/10166
2202107,https://fhsuathletics.com/sports/mens-soccer/stats/2021/rogers-state/boxscore/10167
2202108,https://fhsuathletics.com/sports/mens-soccer/stats/2021/ouachita-baptist/boxscore/10168
2202109,https://fhsuathletics.com/sports/mens-soccer/stats/2021/harding/boxscore/10169
2202110,https://fhsuathletics.com/sports/mens-soccer/stats/2021/northeastern-state/boxscore/10170
2202111,https://fhsuathletics.com/sports/mens-soccer/stats/2021/southern-nazarene/boxscore/10171
2202112,https://fhsuathletics.com/sports/mens-soccer/stats/2021/newman/boxscore/10172
2202113,https://fhsuathletics.com/sports/mens-soccer/stats/2021/newman/boxscore/10173
2202114,https://fhsuathletics.com/sports/mens-soccer/stats/2021/rogers-state/boxscore/10174
2202115,https://fhsuathletics.com/sports/mens-soccer/stats/2021/ouachita-baptist/boxscore/10175
2202116,https://fhsuathletics.com/sports/mens-soccer/stats/2021/harding/boxscore/10176
2202117,https://fhsuathletics.com/sports/mens-soccer/stats/2021/northeastern-state/boxscore/10177
2202118,https://fhsuathletics.com/sports/mens-soccer/stats/2021/southern-nazarene/boxscore/10178
2202119,https://fhsuathletics.com/sports/mens-soccer/stats/2021/rogers-state/boxscore/10179
2202120,https://fhsuathletics.com/sports/mens-soccer/stats/2021/northeastern-state/boxscore/10680
2202121,https://fhsuathletics.com/sports/mens-soccer/stats/2021/wisconsin-parkside/boxscore/10180
2202122,https://fhsuathletics.com/sports/mens-soccer/stats/2021/lake-erie-college/boxscore/10181
2202123,https://fhsuathletics.com/sports/mens-soccer/stats/2021/indianapolis/boxscore/10887
2202201,https://fhsuathletics.com/sports/mens-soccer/stats/2022/csu-pueblo/boxscore/12128
2202202,https://fhsuathletics.com/sports/mens-soccer/stats/2022/uc-colorado-springs/boxscore/12129
2202203,https://fhsuathletics.com/sports/mens-soccer/stats/2022/rockhurst/boxscore/12130
2202204,https://fhsuathletics.com/sports/mens-soccer/stats/2022/msu-denver/boxscore/12131
2202205,https://fhsuathletics.com/sports/mens-soccer/stats/2022/midwestern-state/boxscore/12132
2202206,https://fhsuathletics.com/sports/mens-soccer/stats/2022/texas-am-international/boxscore/12133
2202207,https://fhsuathletics.com/sports/mens-soccer/stats/2022/rogers-state/boxscore/12134
2202208,https://fhsuathletics.com/sports/mens-soccer/stats/2022/newman/boxscore/12135
2202209,https://fhsuathletics.com/sports/mens-soccer/stats/2022/ouachita-baptist/boxscore/12136
2202210,https://fhsuathletics.com/sports/mens-soccer/stats/2022/harding/boxscore/12137
2202211,https://fhsuathletics.com/sports/mens-soccer/stats/2022/southern-nazarene/boxscore/12138
2202212,https://fhsuathletics.com/sports/mens-soccer/stats/2022/northeastern-state/boxscore/12139
2202213,https://fhsuathletics.com/sports/mens-soccer/stats/2022/newman/boxscore/12140
2202214,https://fhsuathletics.com/sports/mens-soccer/stats/2022/ouachita-baptist/boxscore/12141
2202215,https://fhsuathletics.com/sports/mens-soccer/stats/2022/harding/boxscore/12142
2202216,https://fhsuathletics.com/sports/mens-soccer/stats/2022/southern-nazarene/boxscore/12143
2202217,https://fhsuathletics.com/sports/mens-soccer/stats/2022/northeastern-state/boxscore/12144
2202218,https://fhsuathletics.com/sports/mens-soccer/stats/2022/rogers-state/boxscore/12145
2202219,https://fhsuathletics.com/sports/mens-soccer/stats/2022/rogers-state/boxscore/12146
2202301,https://fhsuathletics.com/sports/mens-soccer/stats/2023/msu-denver/boxscore/12714
2202302,https://fhsuathletics.com/sports/mens-soccer/stats/2023/uc-colorado-springs/boxscore/12715
2202303,https://fhsuathletics.com/sports/mens-soccer/stats/2023/maryville/boxscore/12716
2202304,https://fhsuathletics.com/sports/mens-soccer/stats/2023/rockhurst/boxscore/12717
2202305,https://fhsuathletics.com/sports/mens-soccer/stats/2023/midwestern-state/boxscore/12718
2202306,https://fhsuathletics.com/sports/mens-soccer/stats/2023/newman/boxscore/12719
2202307,https://fhsuathletics.com/sports/mens-soccer/stats/2023/southern-nazarene/boxscore/12720
2202308,https://fhsuathletics.com/sports/mens-soccer/stats/2023/ouachita-baptist/boxscore/12721
2202309,https://fhsuathletics.com/sports/mens-soccer/stats/2023/harding/boxscore/12722
2202310,https://fhsuathletics.com/sports/mens-soccer/stats/2023/northeastern-state/boxscore/12723
2202311,https://fhsuathletics.com/sports/mens-soccer/stats/2023/newman/boxscore/12724
2202312,https://fhsuathletics.com/sports/mens-soccer/stats/2023/rogers-state/boxscore/12725
2202313,https://fhsuathletics.com/sports/mens-soccer/stats/2023/ouachita-baptist/boxscore/12726
2202314,https://fhsuathletics.com/sports/mens-soccer/stats/2023/harding/boxscore/12727
2202315,https://fhsuathletics.com/sports/mens-soccer/stats/2023/northeastern-state/boxscore/12728
2202316,https://fhsuathletics.com/sports/mens-soccer/stats/2023/southern-nazarene/boxscore/12729
2202317,https://fhsuathletics.com/sports/mens-soccer/stats/2023/rogers-state/boxscore/12730
2202318,https://fhsuathletics.com/sports/mens-soccer/stats/2023/rogers-state/boxscore/12731
2202401,https://fhsuathletics.com/sports/mens-soccer/stats/2024/rockhurst/boxscore/13110
2202402,https://fhsuathletics.com/sports/mens-soccer/stats/2024/upper-iowa/boxscore/13111
2202403,https://fhsuathletics.com/sports/mens-soccer/stats/2024/maryville/boxscore/13112
2202404,https://fhsuathletics.com/sports/mens-soccer/stats/2024/midwestern-state/boxscore/13113
2202405,https://fhsuathletics.com/sports/mens-soccer/stats/2024/eastern-new-mexico/boxscore/13114
2202406,https://fhsuathletics.com/sports/mens-soccer/stats/2024/southern-nazarene/boxscore/13115
2202407,https://fhsuathletics.com/sports/mens-soccer/stats/2024/rogers-state/boxscore/13116
2202408,https://fhsuathletics.com/sports/mens-soccer/stats/2024/northeastern-state/boxscore/13117
2202409,https://fhsuathletics.com/sports/mens-soccer/stats/2024/ouachita-baptist/boxscore/13118
2202410,https://fhsuathletics.com/sports/mens-soccer/stats/2024/harding/boxscore/13119
2202411,https://fhsuathletics.com/sports/mens-soccer/stats/2024/newman/boxscore/13120
2202412,https://fhsuathletics.com/sports/mens-soccer/stats/2024/southern-nazarene/boxscore/13121
2202413,https://fhsuathletics.com/sports/mens-soccer/stats/2024/harding/boxscore/13122
2202414,https://fhsuathletics.com/sports/mens-soccer/stats/2024/ouachita-baptist/boxscore/13123
2202415,https://fhsuathletics.com/sports/mens-soccer/stats/2024/northeastern-state/boxscore/13124
2202416,https://fhsuathletics.com/sports/mens-soccer/stats/2024/rogers-state/boxscore/13125
2202417,https://fhsuathletics.com/sports/mens-soccer/stats/2024/newman/boxscore/13126
2202418,https://fhsuathletics.com/sports/mens-soccer/stats/2024/rogers-state/boxscore/13127
2202419,https://fhsuathletics.com/sports/mens-soccer/stats/2024/southern-nazarene/boxscore/13535
2202420,https://fhsuathletics.com/sports/mens-soccer/stats/2024/davenport/boxscore/13154
2202421,https://fhsuathletics.com/sports/mens-soccer/stats/2024/mckendree/boxscore/13538
2202501,https://fhsuathletics.com/sports/mens-soccer/stats/2025/rockhurst/boxscore/13654
2202502,https://fhsuathletics.com/sports/mens-soccer/stats/2025/msu-denver/boxscore/13655
2202503,https://fhsuathletics.com/sports/mens-soccer/stats/2025/csu-pueblo/boxscore/13656
2202504,https://fhsuathletics.com/sports/mens-soccer/stats/2025/thomas-more/boxscore/13657
2202505,https://fhsuathletics.com/sports/mens-soccer/stats/2025/lubbock-christian/boxscore/13658
2202506,https://fhsuathletics.com/sports/mens-soccer/stats/2025/jamestown/boxscore/13659
2202507,https://fhsuathletics.com/sports/mens-soccer/stats/2025/northeastern-state/boxscore/13660
2202508,https://fhsuathletics.com/sports/mens-soccer/stats/2025/rogers-state/boxscore/13661
2202509,https://fhsuathletics.com/sports/mens-soccer/stats/2025/southern-nazarene/boxscore/13662
2202510,https://fhsuathletics.com/sports/mens-soccer/stats/2025/harding/boxscore/13663
2202511,https://fhsuathletics.com/sports/mens-soccer/stats/2025/ouachita-baptist/boxscore/13664
2202512,https://fhsuathletics.com/sports/mens-soccer/stats/2025/newman/boxscore/13665
2202513,https://fhsuathletics.com/sports/mens-soccer/stats/2025/northeastern-state/boxscore/13666
2202514,https://fhsuathletics.com/sports/mens-soccer/stats/2025/southern-nazarene/boxscore/13667
2202515,https://fhsuathletics.com/sports/mens-soccer/stats/2025/rogers-state/boxscore/13668
2202516,https://fhsuathletics.com/sports/mens-soccer/stats/2025/ouachita-baptist/boxscore/13669
2202517,https://fhsuathletics.com/sports/mens-soccer/stats/2025/harding/boxscore/13670
2202518,https://fhsuathletics.com/sports/mens-soccer/stats/2025/newman/boxscore/13671
2202519,https://fhsuathletics.com/sports/mens-soccer/stats/2025/northeastern-state/boxscore/13672
2202520,https://fhsuathletics.com/sports/mens-soccer/stats/2025/rogers-state/boxscore/13926
2202521,https://fhsuathletics.com/sports/mens-soccer/stats/2025/uindy/boxscore/13923
2202522,https://fhsuathletics.com/sports/mens-soccer/stats/2025/rockhurst/boxscore/13674
2202523,https://fhsuathletics.com/sports/mens-soccer/stats/2025/rogers-state/boxscore/13924
2202524,https://fhsuathletics.com/sports/mens-soccer/stats/2025/rollins/boxscore/13675
3201901,https://newmanjets.com/sports/mens-soccer/stats/2019/colorado-mesa-university/boxscore/4759
3201902,https://newmanjets.com/sports/mens-soccer/stats/2019/csu-pueblo/boxscore/4760
3201903,https://newmanjets.com/sports/mens-soccer/stats/2019/rogers-state/boxscore/4761
3201904,https://newmanjets.com/sports/mens-soccer/stats/2019/northeastern-state-university/boxscore/4762
3201905,https://newmanjets.com/sports/mens-soccer/stats/2019/harding/boxscore/4763
3201906,https://newmanjets.com/sports/mens-soccer/stats/2019/ouachita-baptist/boxscore/4764
3201907,https://newmanjets.com/sports/mens-soccer/stats/2019/fort-hays-state-university/boxscore/4765
3201908,https://newmanjets.com/sports/mens-soccer/stats/2019/southern-nazarene/boxscore/4766
3201909,https://newmanjets.com/sports/mens-soccer/stats/2019/oklahoma-baptist/boxscore/4767
3201910,https://newmanjets.com/sports/mens-soccer/stats/2019/northeastern-state-university/boxscore/4768
3201911,https://newmanjets.com/sports/mens-soccer/stats/2019/rogers-state/boxscore/4769
3201912,https://newmanjets.com/sports/mens-soccer/stats/2019/ouachita-baptist/boxscore/4770
3201913,https://newmanjets.com/sports/mens-soccer/stats/2019/harding/boxscore/4771
3201914,https://newmanjets.com/sports/mens-soccer/stats/2019/fort-hays-state/boxscore/4772
3201915,https://newmanjets.com/sports/mens-soccer/stats/2019/oklahoma-baptist/boxscore/4773
3201916,https://newmanjets.com/sports/mens-soccer/stats/2019/southern-nazarene-university/boxscore/4774
3202101,https://newmanjets.com/sports/mens-soccer/stats/2021/colorado-springs/boxscore/5609
3202102,https://newmanjets.com/sports/mens-soccer/stats/2021/colorado-state-pueblo/boxscore/5610
3202103,https://newmanjets.com/sports/mens-soccer/stats/2021/oklahoma-christian/boxscore/5611
3202104,https://newmanjets.com/sports/mens-soccer/stats/2021/missouri-st-louis/boxscore/5612
3202105,https://newmanjets.com/sports/mens-soccer/stats/2021/msu-denver/boxscore/5613
3202106,https://newmanjets.com/sports/mens-soccer/stats/2021/harding/boxscore/5615
3202107,https://newmanjets.com/sports/mens-soccer/stats/2021/ouachita-baptist/boxscore/5616
3202108,https://newmanjets.com/sports/mens-soccer/stats/2021/rogers-state/boxscore/5614
3202109,https://newmanjets.com/sports/mens-soccer/stats/2021/southern-nazarene/boxscore/5617
3202110,https://newmanjets.com/sports/mens-soccer/stats/2021/northeastern-state/boxscore/5618
3202111,https://newmanjets.com/sports/mens-soccer/stats/2021/fort-hays-state/boxscore/5619
3202112,https://newmanjets.com/sports/mens-soccer/stats/2021/fort-hays-state/boxscore/5620
3202113,https://newmanjets.com/sports/mens-soccer/stats/2021/rogers-state/boxscore/5621
3202114,https://newmanjets.com/sports/mens-soccer/stats/2021/harding/boxscore/5622
3202115,https://newmanjets.com/sports/mens-soccer/stats/2021/ouachita-baptist/boxscore/5623
3202116,https://newmanjets.com/sports/mens-soccer/stats/2021/southern-nazarene/boxscore/5624
3202117,https://newmanjets.com/sports/mens-soccer/stats/2021/northeastern-state/boxscore/5625
3202201,https://newmanjets.com/sports/mens-soccer/stats/2022/oklahoma-christian/boxscore/6154
3202202,https://newmanjets.com/sports/mens-soccer/stats/2022/csu-pueblo/boxscore/6155
3202203,https://newmanjets.com/sports/mens-soccer/stats/2022/rockhurst/boxscore/6156
3202204,https://newmanjets.com/sports/mens-soccer/stats/2022/quincy/boxscore/6157
3202205,https://newmanjets.com/sports/mens-soccer/stats/2022/msu-denver/boxscore/6158
3202206,https://newmanjets.com/sports/mens-soccer/stats/2022/colorado-christian/boxscore/6159
3202207,https://newmanjets.com/sports/mens-soccer/stats/2022/fort-hays-state/boxscore/6160
3202208,https://newmanjets.com/sports/mens-soccer/stats/2022/harding/boxscore/6161
3202209,https://newmanjets.com/sports/mens-soccer/stats/2022/ouachita-baptist/boxscore/6162
3202210,https://newmanjets.com/sports/mens-soccer/stats/2022/northeastern-state/boxscore/6163
3202211,https://newmanjets.com/sports/mens-soccer/stats/2022/southern-nazarene/boxscore/6164
3202212,https://newmanjets.com/sports/mens-soccer/stats/2022/rogers-state/boxscore/6165
3202213,https://newmanjets.com/sports/mens-soccer/stats/2022/fort-hays-state/boxscore/6166
3202214,https://newmanjets.com/sports/mens-soccer/stats/2022/harding/boxscore/6167
3202215,https://newmanjets.com/sports/mens-soccer/stats/2022/ouachita-baptist/boxscore/6168
3202216,https://newmanjets.com/sports/mens-soccer/stats/2022/southern-nazarene/boxscore/6169
3202217,https://newmanjets.com/sports/mens-soccer/stats/2022/northeastern-state/boxscore/6170
3202218,https://newmanjets.com/sports/mens-soccer/stats/2022/rogers-state/boxscore/6171
3202301,https://newmanjets.com/sports/mens-soccer/stats/2023/university-of-colorado-at-colorado-springs/boxscore/6930
3202302,https://newmanjets.com/sports/mens-soccer/stats/2023/rockhurst/boxscore/6931
3202303,https://newmanjets.com/sports/mens-soccer/stats/2023/colorado-christian/boxscore/6932
3202304,https://newmanjets.com/sports/mens-soccer/stats/2023/quincy/boxscore/6933
3202305,https://newmanjets.com/sports/mens-soccer/stats/2023/southwest-baptist/boxscore/6934
3202306,https://newmanjets.com/sports/mens-soccer/stats/2023/fort-hays-state/boxscore/6935
3202307,https://newmanjets.com/sports/mens-soccer/stats/2023/rogers-state/boxscore/6936
3202308,https://newmanjets.com/sports/mens-soccer/stats/2023/harding/boxscore/6937
3202309,https://newmanjets.com/sports/mens-soccer/stats/2023/ouachita-baptist/boxscore/6938
3202310,https://newmanjets.com/sports/mens-soccer/stats/2023/northeastern-state/boxscore/6939
3202311,https://newmanjets.com/sports/mens-soccer/stats/2023/fort-hays-state/boxscore/6940
3202312,https://newmanjets.com/sports/mens-soccer/stats/2023/southern-nazarene/boxscore/6941
3202313,https://newmanjets.com/sports/mens-soccer/stats/2023/harding/boxscore/6942
3202314,https://newmanjets.com/sports/mens-soccer/stats/2023/ouachita-baptist/boxscore/6943
3202315,https://newmanjets.com/sports/mens-soccer/stats/2023/northeastern-state/boxscore/6944
3202316,https://newmanjets.com/sports/mens-soccer/stats/2023/rogers-state/boxscore/6945
3202317,https://newmanjets.com/sports/mens-soccer/stats/2023/southern-nazarene/boxscore/6946
3202401,https://newmanjets.com/sports/mens-soccer/stats/2024/oklahoma-christian/boxscore/7633
3202402,https://newmanjets.com/sports/mens-soccer/stats/2024/southwest-baptist/boxscore/7634
3202403,https://newmanjets.com/sports/mens-soccer/stats/2024/drury/boxscore/7635
3202404,https://newmanjets.com/sports/mens-soccer/stats/2024/colorado-christian/boxscore/7636
3202405,https://newmanjets.com/sports/mens-soccer/stats/2024/saint-martins-university/boxscore/7637
3202406,https://newmanjets.com/sports/mens-soccer/stats/2024/western-oregon/boxscore/7638
3202407,https://newmanjets.com/sports/mens-soccer/stats/2024/southern-nazarene/boxscore/7639
3202408,https://newmanjets.com/sports/mens-soccer/stats/2024/northeastern-state/boxscore/7640
3202409,https://newmanjets.com/sports/mens-soccer/stats/2024/rogers-state/boxscore/7641
3202410,https://newmanjets.com/sports/mens-soccer/stats/2024/harding/boxscore/7642
3202411,https://newmanjets.com/sports/mens-soccer/stats/2024/ouachita-baptist/boxscore/7643
3202412,https://newmanjets.com/sports/mens-soccer/stats/2024/fort-hays-state/boxscore/7644
3202413,https://newmanjets.com/sports/mens-soccer/stats/2024/ouachita-baptist/boxscore/7645
3202414,https://newmanjets.com/sports/mens-soccer/stats/2024/harding/boxscore/7646
3202415,https://newmanjets.com/sports/mens-soccer/stats/2024/rogers-state/boxscore/7647
3202416,https://newmanjets.com/sports/mens-soccer/stats/2024/northeastern-state/boxscore/7648
3202417,https://newmanjets.com/sports/mens-soccer/stats/2024/no-16-fort-hays-state/boxscore/7649
3202418,https://newmanjets.com/sports/mens-soccer/stats/2024/no-22-southern-nazarene/boxscore/7650
3202419,https://newmanjets.com/sports/mens-soccer/stats/2024/southern-nazarene/boxscore/8020
3202501,https://newmanjets.com/sports/mens-soccer/stats/2025/west-texas-am/boxscore/8323
3202502,https://newmanjets.com/sports/mens-soccer/stats/2025/oklahoma-christian/boxscore/8324
3202503,https://newmanjets.com/sports/mens-soccer/stats/2025/william-jewell/boxscore/8325
3202504,https://newmanjets.com/sports/mens-soccer/stats/2025/midwestern-state/boxscore/8326
3202505,https://newmanjets.com/sports/mens-soccer/stats/2025/lubbock-christian-university-texas-/boxscore/8327
3202506,https://newmanjets.com/sports/mens-soccer/stats/2025/university-of-jamestown/boxscore/8328
3202507,https://newmanjets.com/sports/mens-soccer/stats/2025/northeastern-state/boxscore/8330
3202508,https://newmanjets.com/sports/mens-soccer/stats/2025/southern-nazarene/boxscore/8331
3202509,https://newmanjets.com/sports/mens-soccer/stats/2025/rogers-state/boxscore/8332
3202510,https://newmanjets.com/sports/mens-soccer/stats/2025/ouachita-baptist/boxscore/8333
3202511,https://newmanjets.com/sports/mens-soccer/stats/2025/harding/boxscore/8334
3202512,https://newmanjets.com/sports/mens-soccer/stats/2025/fort-hays-state/boxscore/8335
3202513,https://newmanjets.com/sports/mens-soccer/stats/2025/rogers-state/boxscore/8337
3202514,https://newmanjets.com/sports/mens-soccer/stats/2025/southern-nazarene/boxscore/8338
3202515,https://newmanjets.com/sports/mens-soccer/stats/2025/harding/boxscore/8339
3202516,https://newmanjets.com/sports/mens-soccer/stats/2025/ouachita-baptist/boxscore/8340
3202517,https://newmanjets.com/sports/mens-soccer/stats/2025/fort-hays-state/boxscore/8341
3202518,https://newmanjets.com/sports/mens-soccer/stats/2025/northeastern-state/boxscore/8342
3202519,https://newmanjets.com/sports/mens-soccer/stats/2025/rogers-state/boxscore/8397
5201601,https://obutigers.com/sports/mens-soccer/stats/2016/southwest-baptist-university/boxscore/2437
5201602,https://obutigers.com/sports/mens-soccer/stats/2016/william-jewell-college/boxscore/2438
5201603,https://obutigers.com/sports/mens-soccer/stats/2016/dallas-baptist-university/boxscore/2439
5201604,https://obutigers.com/sports/mens-soccer/stats/2016/rogers-state-university/boxscore/2440
5201605,https://obutigers.com/sports/mens-soccer/stats/2016/upper-iowa-university/boxscore/2441
5201606,https://obutigers.com/sports/mens-soccer/stats/2016/lindenwood-university/boxscore/2442
5201607,https://obutigers.com/sports/mens-soccer/stats/2016/southern-nazarene-university/boxscore/2443
5201608,https://obutigers.com/sports/mens-soccer/stats/2016/oklahoma-baptist-university/boxscore/2444
5201609,https://obutigers.com/sports/mens-soccer/stats/2016/christian-brothers-university/boxscore/2445
5201610,https://obutigers.com/sports/mens-soccer/stats/2016/harding-university/boxscore/2446
5201611,https://obutigers.com/sports/mens-soccer/stats/2016/delta-state-university/boxscore/2447
5201612,https://obutigers.com/sports/mens-soccer/stats/2016/oklahoma-baptist-university/boxscore/2448
5201613,https://obutigers.com/sports/mens-soccer/stats/2016/southern-nazarene-university/boxscore/2449
5201614,https://obutigers.com/sports/mens-soccer/stats/2016/northeastern-state-university/boxscore/2450
5201615,https://obutigers.com/sports/mens-soccer/stats/2016/harding-university/boxscore/2451
5201616,https://obutigers.com/sports/mens-soccer/stats/2016/mississippi-college/boxscore/2452
5201617,https://obutigers.com/sports/mens-soccer/stats/2016/union-university/boxscore/2453
5201618,https://obutigers.com/sports/mens-soccer/stats/2016/harding-university/boxscore/2620
5201701,https://obutigers.com/sports/mens-soccer/stats/2017/dallas-baptist-university/boxscore/2909
5201702,https://obutigers.com/sports/mens-soccer/stats/2017/southwest-baptist-university/boxscore/2910
5201703,https://obutigers.com/sports/mens-soccer/stats/2017/mississippi-college/boxscore/2911
5201704,https://obutigers.com/sports/mens-soccer/stats/2017/delta-state-university/boxscore/2912
5201705,https://obutigers.com/sports/mens-soccer/stats/2017/lindenwood-university/boxscore/2913
5201707,https://obutigers.com/sports/mens-soccer/stats/2017/southern-nazarene-university/boxscore/2915
5201708,https://obutigers.com/sports/mens-soccer/stats/2017/lindenwood-university/boxscore/2916
5201709,https://obutigers.com/sports/mens-soccer/stats/2017/harding-university/boxscore/2917
5201710,https://obutigers.com/sports/mens-soccer/stats/2017/southern-nazarene-university/boxscore/2918
5201711,https://obutigers.com/sports/mens-soccer/stats/2017/oklahoma-baptist-university/boxscore/2919
5201712,https://obutigers.com/sports/mens-soccer/stats/2017/northeastern-state-university/boxscore/2920
5201713,https://obutigers.com/sports/mens-soccer/stats/2017/harding-university/boxscore/2921
5201714,https://obutigers.com/sports/mens-soccer/stats/2017/union-university-tenn-/boxscore/2922
5201715,https://obutigers.com/sports/mens-soccer/stats/2017/christian-brothers-university/boxscore/2923
5201801,https://obutigers.com/sports/mens-soccer/stats/2018/dallas-baptist-university/boxscore/3241
5201802,https://obutigers.com/sports/mens-soccer/stats/2018/rogers-state-university-okla-/boxscore/3242
5201803,https://obutigers.com/sports/mens-soccer/stats/2018/mississippi-college/boxscore/3244
5201804,https://obutigers.com/sports/mens-soccer/stats/2018/northeastern-state-university/boxscore/3245
5201805,https://obutigers.com/sports/mens-soccer/stats/2018/southwest-baptist-university/boxscore/3246
5201806,https://obutigers.com/sports/mens-soccer/stats/2018/southern-nazarene-university/boxscore/3247
5201807,https://obutigers.com/sports/mens-soccer/stats/2018/oklahoma-baptist-university/boxscore/3248
5201808,https://obutigers.com/sports/mens-soccer/stats/2018/christian-brothers-university/boxscore/3249
5201809,https://obutigers.com/sports/mens-soccer/stats/2018/harding-university/boxscore/3250
5201810,https://obutigers.com/sports/mens-soccer/stats/2018/oklahoma-baptist-university/boxscore/3251
5201811,https://obutigers.com/sports/mens-soccer/stats/2018/southern-nazarene-university/boxscore/3252
5201812,https://obutigers.com/sports/mens-soccer/stats/2018/delta-state-university/boxscore/3243
5201813,https://obutigers.com/sports/mens-soccer/stats/2018/northeastern-state-university/boxscore/3253
5201814,https://obutigers.com/sports/mens-soccer/stats/2018/union-university-tenn-/boxscore/3254
5201815,https://obutigers.com/sports/mens-soccer/stats/2018/harding-university/boxscore/3255
5201816,https://obutigers.com/sports/mens-soccer/stats/2018/lindenwood-university/boxscore/3256
5201817,https://obutigers.com/sports/mens-soccer/stats/2018/southern-nazarene-university/boxscore/3257
5201818,https://obutigers.com/sports/mens-soccer/stats/2018/harding-university/boxscore/3258
5201901,https://obutigers.com/sports/mens-soccer/stats/2019/missouris-t/boxscore/3596
5201902,https://obutigers.com/sports/mens-soccer/stats/2019/drury-university/boxscore/3597
5201903,https://obutigers.com/sports/mens-soccer/stats/2019/delta-state-university/boxscore/3598
5201904,https://obutigers.com/sports/mens-soccer/stats/2019/mississippi-college/boxscore/3599
5201905,https://obutigers.com/sports/mens-soccer/stats/2019/southern-nazarene-university/boxscore/3600
5201906,https://obutigers.com/sports/mens-soccer/stats/2019/oklahoma-baptist-university/boxscore/3601
5201907,https://obutigers.com/sports/mens-soccer/stats/2019/fort-hays-state-university/boxscore/3602
5201908,https://obutigers.com/sports/mens-soccer/stats/2019/newman-university/boxscore/3603
5201909,https://obutigers.com/sports/mens-soccer/stats/2019/harding-university/boxscore/3604
5201910,https://obutigers.com/sports/mens-soccer/stats/2019/northeastern-state-university/boxscore/3605
5201911,https://obutigers.com/sports/mens-soccer/stats/2019/oklahoma-baptist-university/boxscore/3607
5201912,https://obutigers.com/sports/mens-soccer/stats/2019/southern-nazarene-university/boxscore/3608
5201913,https://obutigers.com/sports/mens-soccer/stats/2019/newman-university/boxscore/3609
5201914,https://obutigers.com/sports/mens-soccer/stats/2019/fort-hays-state-university/boxscore/3610
5201915,https://obutigers.com/sports/mens-soccer/stats/2019/harding-university/boxscore/3611
5201916,https://obutigers.com/sports/mens-soccer/stats/2019/rogers-state-university-okla-/boxscore/3612
5201917,https://obutigers.com/sports/mens-soccer/stats/2019/northeastern-state-university/boxscore/3613
5202101,https://obutigers.com/sports/mens-soccer/stats/2021/union/boxscore/4417
5202102,https://obutigers.com/sports/mens-soccer/stats/2021/christian-brothers/boxscore/4418
5202103,https://obutigers.com/sports/mens-soccer/stats/2021/delta-state/boxscore/4419
5202104,https://obutigers.com/sports/mens-soccer/stats/2021/mississippi-college/boxscore/4420
5202105,https://obutigers.com/sports/mens-soccer/stats/2021/southern-nazarene/boxscore/4421
5202106,https://obutigers.com/sports/mens-soccer/stats/2021/northeastern-state/boxscore/4422
5202107,https://obutigers.com/sports/mens-soccer/stats/2021/fort-hays-state/boxscore/4423
5202108,https://obutigers.com/sports/mens-soccer/stats/2021/newman/boxscore/4424
5202109,https://obutigers.com/sports/mens-soccer/stats/2021/rogers-state/boxscore/4425
5202110,https://obutigers.com/sports/mens-soccer/stats/2021/harding/boxscore/4426
5202111,https://obutigers.com/sports/mens-soccer/stats/2021/rogers-state/boxscore/4427
5202112,https://obutigers.com/sports/mens-soccer/stats/2021/southern-nazarene/boxscore/4428
5202113,https://obutigers.com/sports/mens-soccer/stats/2021/northeastern-state/boxscore/4429
5202114,https://obutigers.com/sports/mens-soccer/stats/2021/fort-hays-state/boxscore/4430
5202115,https://obutigers.com/sports/mens-soccer/stats/2021/newman/boxscore/4431
5202116,https://obutigers.com/sports/mens-soccer/stats/2021/harding/boxscore/4432
5202201,https://obutigers.com/sports/mens-soccer/stats/2022/christian-brothers/boxscore/4823
5202202,https://obutigers.com/sports/mens-soccer/stats/2022/union/boxscore/4824
5202203,https://obutigers.com/sports/mens-soccer/stats/2022/delta-state/boxscore/4825
5202204,https://obutigers.com/sports/mens-soccer/stats/2022/mississippi-college/boxscore/4826
5202205,https://obutigers.com/sports/mens-soccer/stats/2022/ut-tyler/boxscore/4827
5202206,https://obutigers.com/sports/mens-soccer/stats/2022/dallas-baptist/boxscore/4828
5202207,https://obutigers.com/sports/mens-soccer/stats/2022/southern-nazarene/boxscore/4829
5202208,https://obutigers.com/sports/mens-soccer/stats/2022/northeastern-state/boxscore/4830
5202209,https://obutigers.com/sports/mens-soccer/stats/2022/fort-hays-state/boxscore/4831
5202210,https://obutigers.com/sports/mens-soccer/stats/2022/newman/boxscore/4832
5202211,https://obutigers.com/sports/mens-soccer/stats/2022/rogers-state/boxscore/4833
5202212,https://obutigers.com/sports/mens-soccer/stats/2022/northeastern-state/boxscore/4834
5202213,https://obutigers.com/sports/mens-soccer/stats/2022/harding/boxscore/4835
5202214,https://obutigers.com/sports/mens-soccer/stats/2022/fort-hays-state/boxscore/4836
5202215,https://obutigers.com/sports/mens-soccer/stats/2022/newman/boxscore/4837
5202216,https://obutigers.com/sports/mens-soccer/stats/2022/rogers-state/boxscore/4838
5202217,https://obutigers.com/sports/mens-soccer/stats/2022/southern-nazarene/boxscore/4839
5202218,https://obutigers.com/sports/mens-soccer/stats/2022/harding-university/boxscore/4840
5202301,https://obutigers.com/sports/mens-soccer/stats/2023/union/boxscore/5277
5202302,https://obutigers.com/sports/mens-soccer/stats/2023/christian-brothers/boxscore/5278
5202303,https://obutigers.com/sports/mens-soccer/stats/2023/delta-state/boxscore/5279
5202304,https://obutigers.com/sports/mens-soccer/stats/2023/mississippi-college/boxscore/5280
5202305,https://obutigers.com/sports/mens-soccer/stats/2023/ut-tyler/boxscore/5281
5202306,https://obutigers.com/sports/mens-soccer/stats/2023/dallas-baptist/boxscore/5282
5202307,https://obutigers.com/sports/mens-soccer/stats/2023/harding/boxscore/5283
5202308,https://obutigers.com/sports/mens-soccer/stats/2023/fort-hays-state/boxscore/5284
5202309,https://obutigers.com/sports/mens-soccer/stats/2023/newman/boxscore/5285
5202310,https://obutigers.com/sports/mens-soccer/stats/2023/rogers-state/boxscore/5286
5202311,https://obutigers.com/sports/mens-soccer/stats/2023/southern-nazarene/boxscore/5287
5202312,https://obutigers.com/sports/mens-soccer/stats/2023/harding/boxscore/5288
5202313,https://obutigers.com/sports/mens-soccer/stats/2023/northeastern-state/boxscore/5289
5202314,https://obutigers.com/sports/mens-soccer/stats/2023/fort-hays-state/boxscore/5290
5202315,https://obutigers.com/sports/mens-soccer/stats/2023/newman/boxscore/5291
5202316,https://obutigers.com/sports/mens-soccer/stats/2023/southern-nazarene/boxscore/5292
5202317,https://obutigers.com/sports/mens-soccer/stats/2023/rogers-state/boxscore/5293
5202318,https://obutigers.com/sports/mens-soccer/stats/2023/northeastern-state/boxscore/5294
5202401,https://obutigers.com/sports/mens-soccer/stats/2024/christian-brothers/boxscore/5656
5202402,https://obutigers.com/sports/mens-soccer/stats/2024/union/boxscore/5657
5202403,https://obutigers.com/sports/mens-soccer/stats/2024/lyon/boxscore/5658
5202404,https://obutigers.com/sports/mens-soccer/stats/2024/centenary/boxscore/5659
5202405,https://obutigers.com/sports/mens-soccer/stats/2024/austin-college/boxscore/5660
5202406,https://obutigers.com/sports/mens-soccer/stats/2024/rogers-state/boxscore/5661
5202407,https://obutigers.com/sports/mens-soccer/stats/2024/northeastern-state/boxscore/5662
5202408,https://obutigers.com/sports/mens-soccer/stats/2024/central-baptist/boxscore/5663
5202409,https://obutigers.com/sports/mens-soccer/stats/2024/southern-nazarene/boxscore/5664
5202410,https://obutigers.com/sports/mens-soccer/stats/2024/fort-hays-state/boxscore/5665
5202411,https://obutigers.com/sports/mens-soccer/stats/2024/newman/boxscore/5666
5202412,https://obutigers.com/sports/mens-soccer/stats/2024/harding/boxscore/5667
5202413,https://obutigers.com/sports/mens-soccer/stats/2024/northeastern-state/boxscore/5668
5202414,https://obutigers.com/sports/mens-soccer/stats/2024/newman/boxscore/5669
5202415,https://obutigers.com/sports/mens-soccer/stats/2024/fort-hays-state/boxscore/5670
5202416,https://obutigers.com/sports/mens-soccer/stats/2024/southern-nazarene/boxscore/5671
5202417,https://obutigers.com/sports/mens-soccer/stats/2024/harding/boxscore/5672
5202418,https://obutigers.com/sports/mens-soccer/stats/2024/rogers-state/boxscore/5673
5202501,https://obutigers.com/sports/mens-soccer/stats/2025/union/boxscore/6116
5202502,https://obutigers.com/sports/mens-soccer/stats/2025/christian-brothers/boxscore/6117
5202503,https://obutigers.com/sports/mens-soccer/stats/2025/hendrix/boxscore/6118
5202504,https://obutigers.com/sports/mens-soccer/stats/2025/ut-dallas/boxscore/6119
5202505,https://obutigers.com/sports/mens-soccer/stats/2025/texas-am-international/boxscore/6120
5202506,https://obutigers.com/sports/mens-soccer/stats/2025/southern-nazarene/boxscore/6121
5202507,https://obutigers.com/sports/mens-soccer/stats/2025/rogers-state/boxscore/6122
5202508,https://obutigers.com/sports/mens-soccer/stats/2025/northeastern-state/boxscore/6123
5202509,https://obutigers.com/sports/mens-soccer/stats/2025/newman/boxscore/6124
5202510,https://obutigers.com/sports/mens-soccer/stats/2025/fort-hays-state/boxscore/6125
5202511,https://obutigers.com/sports/mens-soccer/stats/2025/harding/boxscore/6126
5202512,https://obutigers.com/sports/mens-soccer/stats/2025/rogers-state/boxscore/6127
5202513,https://obutigers.com/sports/mens-soccer/stats/2025/northeastern-state/boxscore/6128
5202514,https://obutigers.com/sports/mens-soccer/stats/2025/dallas-christian/boxscore/6129
5202515,https://obutigers.com/sports/mens-soccer/stats/2025/fort-hays-state/boxscore/6130
5202516,https://obutigers.com/sports/mens-soccer/stats/2025/newman/boxscore/6131
5202517,https://obutigers.com/sports/mens-soccer/stats/2025/harding/boxscore/6132
5202518,https://obutigers.com/sports/mens-soccer/stats/2025/southern-nazarene/boxscore/6133
6201901,https://rsuhillcats.com/sports/mens-soccer/stats/2019/william-jewell/boxscore/5319
6201902,https://rsuhillcats.com/sports/mens-soccer/stats/2019/rockhurst/boxscore/5320
6201903,https://rsuhillcats.com/sports/mens-soccer/stats/2019/oklahoma-christian/boxscore/5321
6201904,https://rsuhillcats.com/sports/mens-soccer/stats/2019/colorado-state-pueblo/boxscore/5322
6201905,https://rsuhillcats.com/sports/mens-soccer/stats/2019/newman/boxscore/5323
6201906,https://rsuhillcats.com/sports/mens-soccer/stats/2019/fort-hays-state/boxscore/5324
6201907,https://rsuhillcats.com/sports/mens-soccer/stats/2019/oklahoma-baptist/boxscore/5325
6201908,https://rsuhillcats.com/sports/mens-soccer/stats/2019/southern-nazarene/boxscore/5326
6201909,https://rsuhillcats.com/sports/mens-soccer/stats/2019/northeastern-state/boxscore/5327
6201910,https://rsuhillcats.com/sports/mens-soccer/stats/2019/harding/boxscore/5328
6201911,https://rsuhillcats.com/sports/mens-soccer/stats/2019/ouachita-baptist/boxscore/5329
6201912,https://rsuhillcats.com/sports/mens-soccer/stats/2019/fort-hays-state/boxscore/5330
6201913,https://rsuhillcats.com/sports/mens-soccer/stats/2019/newman/boxscore/5331
6201914,https://rsuhillcats.com/sports/mens-soccer/stats/2019/oklahoma-baptist/boxscore/5333
6201915,https://rsuhillcats.com/sports/mens-soccer/stats/2019/southern-nazarene/boxscore/5332
6201916,https://rsuhillcats.com/sports/mens-soccer/stats/2019/northeastern-state/boxscore/5334
6201917,https://rsuhillcats.com/sports/mens-soccer/stats/2019/ouachita-baptist/boxscore/5335
6201918,https://rsuhillcats.com/sports/mens-soccer/stats/2019/harding/boxscore/5336
6201919,https://rsuhillcats.com/sports/mens-soccer/stats/2019/northeastern-state/boxscore/5337
6201920,https://rsuhillcats.com/sports/mens-soccer/stats/2019/fort-hays-state/boxscore/5338
6202001,https://rsuhillcats.com/sports/mens-soccer/stats/2020/oral-roberts-exhibition-/boxscore/5880
6202002,https://rsuhillcats.com/sports/mens-soccer/stats/2020/newman/boxscore/5881
6202003,https://rsuhillcats.com/sports/mens-soccer/stats/2020/northeastern-state/boxscore/5882
6202004,https://rsuhillcats.com/sports/mens-soccer/stats/2020/ouachita-baptist/boxscore/5883
6202005,https://rsuhillcats.com/sports/mens-soccer/stats/2020/southern-nazarene/boxscore/5884
6202006,https://rsuhillcats.com/sports/mens-soccer/stats/2020/harding/boxscore/5885
6202007,https://rsuhillcats.com/sports/mens-soccer/stats/2020/fort-hays-state/boxscore/5886
6202008,https://rsuhillcats.com/sports/mens-soccer/stats/2020/southern-nazarene/boxscore/5887
6202009,https://rsuhillcats.com/sports/mens-soccer/stats/2020/northeastern-state/boxscore/5888
6202101,https://rsuhillcats.com/sports/mens-soccer/stats/2021/rockhurst/boxscore/5965
6202102,https://rsuhillcats.com/sports/mens-soccer/stats/2021/lindenwood/boxscore/5966
6202103,https://rsuhillcats.com/sports/mens-soccer/stats/2021/william-jewell/boxscore/5967
6202104,https://rsuhillcats.com/sports/mens-soccer/stats/2021/midwestern-state/boxscore/5968
6202105,https://rsuhillcats.com/sports/mens-soccer/stats/2021/oklahoma-christian/boxscore/5969
6202106,https://rsuhillcats.com/sports/mens-soccer/stats/2021/ut-tyler/boxscore/5970
6202107,https://rsuhillcats.com/sports/mens-soccer/stats/2021/fort-hays-state/boxscore/5972
6202108,https://rsuhillcats.com/sports/mens-soccer/stats/2021/northeastern-state/boxscore/5973
6202109,https://rsuhillcats.com/sports/mens-soccer/stats/2021/newman/boxscore/5971
6202110,https://rsuhillcats.com/sports/mens-soccer/stats/2021/harding/boxscore/5974
6202111,https://rsuhillcats.com/sports/mens-soccer/stats/2021/ouachita-baptist/boxscore/5975
6202112,https://rsuhillcats.com/sports/mens-soccer/stats/2021/southern-nazarene/boxscore/5976
6202113,https://rsuhillcats.com/sports/mens-soccer/stats/2021/ouachita-baptist/boxscore/5977
6202114,https://rsuhillcats.com/sports/mens-soccer/stats/2021/fort-hays-state/boxscore/5978
6202115,https://rsuhillcats.com/sports/mens-soccer/stats/2021/newman/boxscore/5979
6202116,https://rsuhillcats.com/sports/mens-soccer/stats/2021/southern-nazarene/boxscore/5980
6202117,https://rsuhillcats.com/sports/mens-soccer/stats/2021/northeastern-state/boxscore/5981
6202118,https://rsuhillcats.com/sports/mens-soccer/stats/2021/harding/boxscore/5982
6202119,https://rsuhillcats.com/sports/mens-soccer/stats/2021/fort-hays-state/boxscore/5983
6202201,https://rsuhillcats.com/sports/mens-soccer/stats/2022/eastern-new-mexico/boxscore/6314
6202202,https://rsuhillcats.com/sports/mens-soccer/stats/2022/missouris-t/boxscore/6315
6202203,https://rsuhillcats.com/sports/mens-soccer/stats/2022/midwestern-state/boxscore/6316
6202204,https://rsuhillcats.com/sports/mens-soccer/stats/2022/drury-university/boxscore/6317
6202205,https://rsuhillcats.com/sports/mens-soccer/stats/2022/oklahoma-christian/boxscore/6318
6202206,https://rsuhillcats.com/sports/mens-soccer/stats/2022/ut-tyler/boxscore/6319
6202207,https://rsuhillcats.com/sports/mens-soccer/stats/2022/fort-hays-state/boxscore/6320
6202208,https://rsuhillcats.com/sports/mens-soccer/stats/2022/southern-nazarene/boxscore/6321
6202209,https://rsuhillcats.com/sports/mens-soccer/stats/2022/northeastern-state/boxscore/6322
6202210,https://rsuhillcats.com/sports/mens-soccer/stats/2022/harding/boxscore/6323
6202211,https://rsuhillcats.com/sports/mens-soccer/stats/2022/ouachita-baptist/boxscore/6324
6202212,https://rsuhillcats.com/sports/mens-soccer/stats/2022/newman/boxscore/6325
6202213,https://rsuhillcats.com/sports/mens-soccer/stats/2022/southern-nazarene/boxscore/6326
6202214,https://rsuhillcats.com/sports/mens-soccer/stats/2022/northeastern-state/boxscore/6327
6202215,https://rsuhillcats.com/sports/mens-soccer/stats/2022/ouachita-baptist/boxscore/6328
6202216,https://rsuhillcats.com/sports/mens-soccer/stats/2022/harding/boxscore/6329
6202217,https://rsuhillcats.com/sports/mens-soccer/stats/2022/fort-hays-state/boxscore/6330
6202218,https://rsuhillcats.com/sports/mens-soccer/stats/2022/newman/boxscore/6331
6202219,https://rsuhillcats.com/sports/mens-soccer/stats/2022/fort-hays-state/boxscore/6332
6202220,https://rsuhillcats.com/sports/mens-soccer/stats/2022/southern-nazarene-university/boxscore/6532
6202301,https://rsuhillcats.com/sports/mens-soccer/stats/2023/missouris-t/boxscore/6642
6202302,https://rsuhillcats.com/sports/mens-soccer/stats/2023/drury/boxscore/6660
6202303,https://rsuhillcats.com/sports/mens-soccer/stats/2023/midwestern-state/boxscore/6643
6202304,https://rsuhillcats.com/sports/mens-soccer/stats/2023/oklahoma-christian/boxscore/6644
6202305,https://rsuhillcats.com/sports/mens-soccer/stats/2023/csu-pueblo/boxscore/6645
6202306,https://rsuhillcats.com/sports/mens-soccer/stats/2023/uc-colorado-springs/boxscore/6646
6202307,https://rsuhillcats.com/sports/mens-soccer/stats/2023/southern-nazarene/boxscore/6647
6202308,https://rsuhillcats.com/sports/mens-soccer/stats/2023/newman/boxscore/6648
6202309,https://rsuhillcats.com/sports/mens-soccer/stats/2023/northeastern-state/boxscore/6649
6202310,https://rsuhillcats.com/sports/mens-soccer/stats/2023/ouachita-baptist/boxscore/6650
6202311,https://rsuhillcats.com/sports/mens-soccer/stats/2023/harding/boxscore/6651
6202312,https://rsuhillcats.com/sports/mens-soccer/stats/2023/southern-nazarene/boxscore/6652
6202313,https://rsuhillcats.com/sports/mens-soccer/stats/2023/fort-hays-state/boxscore/6653
6202314,https://rsuhillcats.com/sports/mens-soccer/stats/2023/northeastern-state/boxscore/6654
6202315,https://rsuhillcats.com/sports/mens-soccer/stats/2023/harding/boxscore/6655
6202316,https://rsuhillcats.com/sports/mens-soccer/stats/2023/ouachita-baptist/boxscore/6656
6202317,https://rsuhillcats.com/sports/mens-soccer/stats/2023/newman/boxscore/6657
6202318,https://rsuhillcats.com/sports/mens-soccer/stats/2023/fort-hays-state/boxscore/6658
6202319,https://rsuhillcats.com/sports/mens-soccer/stats/2023/no-3-fort-hays-state/boxscore/6659
6202320,https://rsuhillcats.com/sports/mens-soccer/stats/2023/no-1-southern-nazarene/boxscore/6849
6202401,https://rsuhillcats.com/sports/mens-soccer/stats/2024/maryville/boxscore/6951
6202402,https://rsuhillcats.com/sports/mens-soccer/stats/2024/mckendree/boxscore/6952
6202403,https://rsuhillcats.com/sports/mens-soccer/stats/2024/midwestern-state/boxscore/6953
6202404,https://rsuhillcats.com/sports/mens-soccer/stats/2024/oklahoma-christian/boxscore/6954
6202405,https://rsuhillcats.com/sports/mens-soccer/stats/2024/uc-colorado-springs/boxscore/6956
6202406,https://rsuhillcats.com/sports/mens-soccer/stats/2024/csu-pueblo/boxscore/6969
6202407,https://rsuhillcats.com/sports/mens-soccer/stats/2024/ouachita-baptist/boxscore/6957
6202408,https://rsuhillcats.com/sports/mens-soccer/stats/2024/harding/boxscore/6958
6202409,https://rsuhillcats.com/sports/mens-soccer/stats/2024/fort-hays-state/boxscore/6959
6202410,https://rsuhillcats.com/sports/mens-soccer/stats/2024/newman/boxscore/6960
6202411,https://rsuhillcats.com/sports/mens-soccer/stats/2024/southern-nazarene/boxscore/6961
6202412,https://rsuhillcats.com/sports/mens-soccer/stats/2024/northeastern-state/boxscore/6962
6202413,https://rsuhillcats.com/sports/mens-soccer/stats/2024/harding/boxscore/6963
6202414,https://rsuhillcats.com/sports/mens-soccer/stats/2024/southern-nazarene/boxscore/6964
6202415,https://rsuhillcats.com/sports/mens-soccer/stats/2024/newman/boxscore/6965
6202416,https://rsuhillcats.com/sports/mens-soccer/stats/2024/fort-hays-state/boxscore/6966
6202417,https://rsuhillcats.com/sports/mens-soccer/stats/2024/northeastern-state/boxscore/6967
6202418,https://rsuhillcats.com/sports/mens-soccer/stats/2024/ouachita-baptist/boxscore/6968
6202419,https://rsuhillcats.com/sports/mens-soccer/stats/2024/fort-hays-state/boxscore/7000
6202420,https://rsuhillcats.com/sports/mens-soccer/stats/2024/southern-nazarene/boxscore/7194
6202421,https://rsuhillcats.com/sports/mens-soccer/stats/2024/saginaw-valley-state/boxscore/7195
6202501,https://rsuhillcats.com/sports/mens-soccer/stats/2025/mckendree-ill-/boxscore/7260
6202502,https://rsuhillcats.com/sports/mens-soccer/stats/2025/maryville-mo-/boxscore/7261
6202503,https://rsuhillcats.com/sports/mens-soccer/stats/2025/rockhurst-mo-/boxscore/7262
6202504,https://rsuhillcats.com/sports/mens-soccer/stats/2025/oklahoma-christian/boxscore/7263
6202505,https://rsuhillcats.com/sports/mens-soccer/stats/2025/ut-tyler-texas-/boxscore/7264
6202506,https://rsuhillcats.com/sports/mens-soccer/stats/2025/st-marys-texas-/boxscore/7301
6202507,https://rsuhillcats.com/sports/mens-soccer/stats/2025/harding-ark-/boxscore/7265
6202508,https://rsuhillcats.com/sports/mens-soccer/stats/2025/ouachita-baptist-ark-/boxscore/7266
6202509,https://rsuhillcats.com/sports/mens-soccer/stats/2025/fort-hays-state-kan-/boxscore/7267
6202510,https://rsuhillcats.com/sports/mens-soccer/stats/2025/newman-kan-/boxscore/7268
6202511,https://rsuhillcats.com/sports/mens-soccer/stats/2025/southern-nazarene/boxscore/7269
6202512,https://rsuhillcats.com/sports/mens-soccer/stats/2025/northeastern-state/boxscore/7270
6202513,https://rsuhillcats.com/sports/mens-soccer/stats/2025/ouachita-baptist-ark-/boxscore/7271
6202514,https://rsuhillcats.com/sports/mens-soccer/stats/2025/newman-kan-/boxscore/7272
6202515,https://rsuhillcats.com/sports/mens-soccer/stats/2025/fort-hays-state-kan-/boxscore/7273
6202516,https://rsuhillcats.com/sports/mens-soccer/stats/2025/southern-nazarene/boxscore/7274
6202517,https://rsuhillcats.com/sports/mens-soccer/stats/2025/northeastern-state/boxscore/7275
6202518,https://rsuhillcats.com/sports/mens-soccer/stats/2025/harding-ark-/boxscore/7276
6202519,https://rsuhillcats.com/sports/mens-soccer/stats/2025/newman-kan-/boxscore/7277
6202520,https://rsuhillcats.com/sports/mens-soccer/stats/2025/fort-hays-state-kan-/boxscore/7527
6202521,https://rsuhillcats.com/sports/mens-soccer/stats/2025/cedarville-ohio-/boxscore/7529
6202522,https://rsuhillcats.com/sports/mens-soccer/stats/2025/lincoln-mo-/boxscore/7530
6202523,https://rsuhillcats.com/sports/mens-soccer/stats/2025/fort-hays-state-kan-/boxscore/7531
7201601,https://snuathletics.com/sports/mens-soccer/stats/2016/rogers-state/boxscore/2873
7201602,https://snuathletics.com/sports/mens-soccer/stats/2016/oklahoma-christian/boxscore/2874
7201603,https://snuathletics.com/sports/mens-soccer/stats/2016/newman/boxscore/2875
7201604,https://snuathletics.com/sports/mens-soccer/stats/2016/midwestern-state/boxscore/2876
7201605,https://snuathletics.com/sports/mens-soccer/stats/2016/lindenwood/boxscore/2877
7201606,https://snuathletics.com/sports/mens-soccer/stats/2016/upper-iowa/boxscore/2878
7201607,https://snuathletics.com/sports/mens-soccer/stats/2016/ouachita/boxscore/2879
7201608,https://snuathletics.com/sports/mens-soccer/stats/2016/harding/boxscore/2880
7201609,https://snuathletics.com/sports/mens-soccer/stats/2016/oklahoma-baptist/boxscore/2881
7201610,https://snuathletics.com/sports/mens-soccer/stats/2016/eastern-new-mexico/boxscore/2882
7201611,https://snuathletics.com/sports/mens-soccer/stats/2016/northeastern-state/boxscore/2883
7201612,https://snuathletics.com/sports/mens-soccer/stats/2016/southwest-baptist/boxscore/2884
7201613,https://snuathletics.com/sports/mens-soccer/stats/2016/harding/boxscore/2885
7201614,https://snuathletics.com/sports/mens-soccer/stats/2016/ouachita/boxscore/2886
7201615,https://snuathletics.com/sports/mens-soccer/stats/2016/fort-hays-state/boxscore/2887
7201616,https://snuathletics.com/sports/mens-soccer/stats/2016/oklahoma-baptist/boxscore/2888
7201617,https://snuathletics.com/sports/mens-soccer/stats/2016/northeastern-state/boxscore/2889
7201618,https://snuathletics.com/sports/mens-soccer/stats/2016/mary-n-d-/boxscore/2890
7201619,https://snuathletics.com/sports/mens-soccer/stats/2016/oklahoma-baptist/boxscore/2891
7201702,https://snuathletics.com/sports/mens-soccer/stats/2017/eastern-new-mexico/boxscore/3411
7201703,https://snuathletics.com/sports/mens-soccer/stats/2017/mid-america-christian/boxscore/3412
7201704,https://snuathletics.com/sports/mens-soccer/stats/2017/california-state-east-bay/boxscore/3413
7201705,https://snuathletics.com/sports/mens-soccer/stats/2017/notre-dame-de-namur/boxscore/3414
7201706,https://snuathletics.com/sports/mens-soccer/stats/2017/bethany/boxscore/3415
7201707,https://snuathletics.com/sports/mens-soccer/stats/2017/harding/boxscore/3416
7201708,https://snuathletics.com/sports/mens-soccer/stats/2017/ouachita/boxscore/3417
7201709,https://snuathletics.com/sports/mens-soccer/stats/2017/mary-n-d-/boxscore/3418
7201710,https://snuathletics.com/sports/mens-soccer/stats/2017/fort-hays-state/boxscore/3419
7201711,https://snuathletics.com/sports/mens-soccer/stats/2017/oklahoma-baptist/boxscore/3420
7201712,https://snuathletics.com/sports/mens-soccer/stats/2017/northeastern-state/boxscore/3421
7201713,https://snuathletics.com/sports/mens-soccer/stats/2017/ouachita/boxscore/3422
7201714,https://snuathletics.com/sports/mens-soccer/stats/2017/harding/boxscore/3423
7201715,https://snuathletics.com/sports/mens-soccer/stats/2017/southwest-baptist/boxscore/3424
7201716,https://snuathletics.com/sports/mens-soccer/stats/2017/upper-iowa/boxscore/3425
7201717,https://snuathletics.com/sports/mens-soccer/stats/2017/oklahoma-baptist/boxscore/3426
7201718,https://snuathletics.com/sports/mens-soccer/stats/2017/harding/boxscore/3443
7201801,https://snuathletics.com/sports/mens-soccer/stats/2018/eastern-new-mexico/boxscore/3792
7201802,https://snuathletics.com/sports/mens-soccer/stats/2018/adams-state/boxscore/3793
7201803,https://snuathletics.com/sports/mens-soccer/stats/2018/newman/boxscore/3791
7201804,https://snuathletics.com/sports/mens-soccer/stats/2018/lubbock-christian/boxscore/3794
7201805,https://snuathletics.com/sports/mens-soccer/stats/2018/west-texas-am/boxscore/3795
7201806,https://snuathletics.com/sports/mens-soccer/stats/2018/oklahoma-city/boxscore/3796
7201807,https://snuathletics.com/sports/mens-soccer/stats/2018/ouachita-baptist/boxscore/3797
7201808,https://snuathletics.com/sports/mens-soccer/stats/2018/harding/boxscore/3798
7201809,https://snuathletics.com/sports/mens-soccer/stats/2018/william-jewell/boxscore/3799
7201810,https://snuathletics.com/sports/mens-soccer/stats/2018/-14-fort-hays-state/boxscore/3800
7201811,https://snuathletics.com/sports/mens-soccer/stats/2018/oklahoma-baptist/boxscore/3801
7201812,https://snuathletics.com/sports/mens-soccer/stats/2018/upper-iowa/boxscore/3802
7201813,https://snuathletics.com/sports/mens-soccer/stats/2018/harding/boxscore/3803
7201814,https://snuathletics.com/sports/mens-soccer/stats/2018/ouachita-baptist/boxscore/3804
7201815,https://snuathletics.com/sports/mens-soccer/stats/2018/oklahoma-baptist/boxscore/3805
7201816,https://snuathletics.com/sports/mens-soccer/stats/2018/delta-state/boxscore/3806
7201817,https://snuathletics.com/sports/mens-soccer/stats/2018/northeastern-state/boxscore/3807
7201818,https://snuathletics.com/sports/mens-soccer/stats/2018/southwest-baptist/boxscore/3808
7201819,https://snuathletics.com/sports/mens-soccer/stats/2018/ouachita-baptist/boxscore/3809
7201901,https://snuathletics.com/sports/mens-soccer/stats/2019/oklahoma-christian/boxscore/4199
7201902,https://snuathletics.com/sports/mens-soccer/stats/2019/southwest-baptist/boxscore/4200
7201903,https://snuathletics.com/sports/mens-soccer/stats/2019/lubbock-christian/boxscore/4201
7201904,https://snuathletics.com/sports/mens-soccer/stats/2019/dallas-baptist/boxscore/4202
7201905,https://snuathletics.com/sports/mens-soccer/stats/2019/ouachita-baptist/boxscore/4203
7201906,https://snuathletics.com/sports/mens-soccer/stats/2019/harding/boxscore/4204
7201907,https://snuathletics.com/sports/mens-soccer/stats/2019/northeastern-state/boxscore/4205
7201908,https://snuathletics.com/sports/mens-soccer/stats/2019/rogers-state/boxscore/4206
7201909,https://snuathletics.com/sports/mens-soccer/stats/2019/oklahoma-baptist/boxscore/4207
7201910,https://snuathletics.com/sports/mens-soccer/stats/2019/newman/boxscore/4208
7201911,https://snuathletics.com/sports/mens-soccer/stats/2019/fort-hays-state/boxscore/4209
7201912,https://snuathletics.com/sports/mens-soccer/stats/2019/harding/boxscore/4210
7201913,https://snuathletics.com/sports/mens-soccer/stats/2019/ouachita-baptist/boxscore/4211
7201914,https://snuathletics.com/sports/mens-soccer/stats/2019/northeastern-state/boxscore/4213
7201915,https://snuathletics.com/sports/mens-soccer/stats/2019/rogers-state/boxscore/4212
7201916,https://snuathletics.com/sports/mens-soccer/stats/2019/oklahoma-baptist/boxscore/4214
7201917,https://snuathletics.com/sports/mens-soccer/stats/2019/fort-hays-state/boxscore/4215
7201918,https://snuathletics.com/sports/mens-soccer/stats/2019/newman/boxscore/4216
7202001,https://snuathletics.com/sports/mens-soccer/stats/2020/ouachita-baptist/boxscore/4912
7202002,https://snuathletics.com/sports/mens-soccer/stats/2020/northeastern-state/boxscore/4913
7202003,https://snuathletics.com/sports/mens-soccer/stats/2020/fort-hays-state/boxscore/4914
7202004,https://snuathletics.com/sports/mens-soccer/stats/2020/rogers-state/boxscore/4915
7202005,https://snuathletics.com/sports/mens-soccer/stats/2020/newman/boxscore/4916
7202006,https://snuathletics.com/sports/mens-soccer/stats/2020/harding/boxscore/4917
7202007,https://snuathletics.com/sports/mens-soccer/stats/2020/-1-rogers-state/boxscore/4969
7202101,https://snuathletics.com/sports/mens-soccer/stats/2021/embry-riddle-university/boxscore/4986
7202102,https://snuathletics.com/sports/mens-soccer/stats/2021/florida-southern-college/boxscore/4987
7202103,https://snuathletics.com/sports/mens-soccer/stats/2021/southwest-baptist/boxscore/4988
7202104,https://snuathletics.com/sports/mens-soccer/stats/2021/oklahoma-christian/boxscore/4989
7202105,https://snuathletics.com/sports/mens-soccer/stats/2021/west-texas-am/boxscore/4990
7202106,https://snuathletics.com/sports/mens-soccer/stats/2021/dallas-baptist/boxscore/4991
7202107,https://snuathletics.com/sports/mens-soccer/stats/2021/ouachita-baptist/boxscore/4992
7202108,https://snuathletics.com/sports/mens-soccer/stats/2021/harding/boxscore/4993
7202109,https://snuathletics.com/sports/mens-soccer/stats/2021/northeastern-state/boxscore/4994
7202110,https://snuathletics.com/sports/mens-soccer/stats/2021/newman/boxscore/4995
7202111,https://snuathletics.com/sports/mens-soccer/stats/2021/fort-hays-state/boxscore/4996
7202112,https://snuathletics.com/sports/mens-soccer/stats/2021/rogers-state/boxscore/4997
7202113,https://snuathletics.com/sports/mens-soccer/stats/2021/northeastern-state/boxscore/4998
7202114,https://snuathletics.com/sports/mens-soccer/stats/2021/ouachita-baptist/boxscore/4999
7202115,https://snuathletics.com/sports/mens-soccer/stats/2021/harding/boxscore/5000
7202116,https://snuathletics.com/sports/mens-soccer/stats/2021/rogers-state/boxscore/5001
7202117,https://snuathletics.com/sports/mens-soccer/stats/2021/newman/boxscore/5002
7202118,https://snuathletics.com/sports/mens-soccer/stats/2021/fort-hays-state/boxscore/5003
7202119,https://snuathletics.com/sports/mens-soccer/stats/2021/northeastern-state/boxscore/5089
7202201,https://snuathletics.com/sports/mens-soccer/stats/2022/southwest-baptist/boxscore/5454
7202202,https://snuathletics.com/sports/mens-soccer/stats/2022/dallas-baptist/boxscore/5455
7202203,https://snuathletics.com/sports/mens-soccer/stats/2022/drury/boxscore/5456
7202204,https://snuathletics.com/sports/mens-soccer/stats/2022/oklahoma-christian/boxscore/5457
7202205,https://snuathletics.com/sports/mens-soccer/stats/2022/texas-am-international/boxscore/5458
7202206,https://snuathletics.com/sports/mens-soccer/stats/2022/midwestern-state/boxscore/5459
7202207,https://snuathletics.com/sports/mens-soccer/stats/2022/ouachita-baptist/boxscore/5460
7202208,https://snuathletics.com/sports/mens-soccer/stats/2022/harding/boxscore/5461
7202209,https://snuathletics.com/sports/mens-soccer/stats/2022/rogers-state/boxscore/5462
7202210,https://snuathletics.com/sports/mens-soccer/stats/2022/fort-hays-state/boxscore/5463
7202211,https://snuathletics.com/sports/mens-soccer/stats/2022/newman/boxscore/5464
7202212,https://snuathletics.com/sports/mens-soccer/stats/2022/harding/boxscore/5465
7202213,https://snuathletics.com/sports/mens-soccer/stats/2022/northeastern-state/boxscore/5466
7202214,https://snuathletics.com/sports/mens-soccer/stats/2022/rogers-state/boxscore/5467
7202215,https://snuathletics.com/sports/mens-soccer/stats/2022/fort-hays-state/boxscore/5468
7202216,https://snuathletics.com/sports/mens-soccer/stats/2022/newman-university/boxscore/5469
7202217,https://snuathletics.com/sports/mens-soccer/stats/2022/ouachita-baptist/boxscore/5470
7202218,https://snuathletics.com/sports/mens-soccer/stats/2022/northeastern-state/boxscore/5471
7202219,https://snuathletics.com/sports/mens-soccer/stats/2022/northeastern-state/boxscore/5672
7202220,https://snuathletics.com/sports/mens-soccer/stats/2022/rogers-state/boxscore/5673
7202221,https://snuathletics.com/sports/mens-soccer/stats/2022/lake-erie-college/boxscore/5677
7202301,https://snuathletics.com/sports/mens-soccer/stats/2023/oklahoma-christian/boxscore/5948
7202302,https://snuathletics.com/sports/mens-soccer/stats/2023/southwest-baptist/boxscore/5949
7202303,https://snuathletics.com/sports/mens-soccer/stats/2023/dallas-baptist/boxscore/5950
7202304,https://snuathletics.com/sports/mens-soccer/stats/2023/drury/boxscore/5951
7202305,https://snuathletics.com/sports/mens-soccer/stats/2023/west-texas-am/boxscore/5952
7202306,https://snuathletics.com/sports/mens-soccer/stats/2023/midwestern-state/boxscore/5953
7202307,https://snuathletics.com/sports/mens-soccer/stats/2023/rogers-state/boxscore/5954
7202308,https://snuathletics.com/sports/mens-soccer/stats/2023/fort-hays-state/boxscore/5955
7202309,https://snuathletics.com/sports/mens-soccer/stats/2023/northeastern-state/boxscore/5956
7202310,https://snuathletics.com/sports/mens-soccer/stats/2023/harding/boxscore/5957
7202311,https://snuathletics.com/sports/mens-soccer/stats/2023/ouachita-baptist/boxscore/5958
7202312,https://snuathletics.com/sports/mens-soccer/stats/2023/rogers-state/boxscore/5959
7202313,https://snuathletics.com/sports/mens-soccer/stats/2023/newman/boxscore/5960
7202314,https://snuathletics.com/sports/mens-soccer/stats/2023/northeastern-state/boxscore/5961
7202315,https://snuathletics.com/sports/mens-soccer/stats/2023/ouachita-baptist/boxscore/5962
7202316,https://snuathletics.com/sports/mens-soccer/stats/2023/harding/boxscore/5963
7202317,https://snuathletics.com/sports/mens-soccer/stats/2023/fort-hays-state/boxscore/5964
7202318,https://snuathletics.com/sports/mens-soccer/stats/2023/newman/boxscore/5965
7202319,https://snuathletics.com/sports/mens-soccer/stats/2023/northeastern-state/boxscore/5966
7202320,https://snuathletics.com/sports/mens-soccer/stats/2023/rogers-state-university-okla-/boxscore/6192
7202321,https://snuathletics.com/sports/mens-soccer/stats/2023/mckendree-university/boxscore/6254
7202401,https://snuathletics.com/sports/mens-soccer/stats/2024/mckendree-university/boxscore/6425
7202402,https://snuathletics.com/sports/mens-soccer/stats/2024/dallas-baptist-university/boxscore/6426
7202403,https://snuathletics.com/sports/mens-soccer/stats/2024/oklahoma-christian-university/boxscore/6427
7202404,https://snuathletics.com/sports/mens-soccer/stats/2024/lubbock-christian-university-texas-/boxscore/6428
7202405,https://snuathletics.com/sports/mens-soccer/stats/2024/eastern-new-mexico-university/boxscore/6430
7202406,https://snuathletics.com/sports/mens-soccer/stats/2024/midwestern-state-university-texas/boxscore/6431
7202407,https://snuathletics.com/sports/mens-soccer/stats/2024/newman-university/boxscore/6432
7202408,https://snuathletics.com/sports/mens-soccer/stats/2024/fort-hays-state-university/boxscore/6433
7202409,https://snuathletics.com/sports/mens-soccer/stats/2024/harding-university/boxscore/6434
7202410,https://snuathletics.com/sports/mens-soccer/stats/2024/ouachita-baptist-university/boxscore/6435
7202411,https://snuathletics.com/sports/mens-soccer/stats/2024/northeastern-state-university/boxscore/6436
7202412,https://snuathletics.com/sports/mens-soccer/stats/2024/rogers-state-university-okla-/boxscore/6437
7202413,https://snuathletics.com/sports/mens-soccer/stats/2024/fort-hays-state-university/boxscore/6438
7202414,https://snuathletics.com/sports/mens-soccer/stats/2024/rogers-state-university-okla-/boxscore/6439
7202415,https://snuathletics.com/sports/mens-soccer/stats/2024/northeastern-state-university/boxscore/6440
7202416,https://snuathletics.com/sports/mens-soccer/stats/2024/ouachita-baptist-university/boxscore/6441
7202417,https://snuathletics.com/sports/mens-soccer/stats/2024/harding-university/boxscore/6442
7202418,https://snuathletics.com/sports/mens-soccer/stats/2024/newman-university/boxscore/6443
7202419,https://snuathletics.com/sports/mens-soccer/stats/2024/newman-university/boxscore/6858
7202420,https://snuathletics.com/sports/mens-soccer/stats/2024/fort-hays-state-university/boxscore/6863
7202421,https://snuathletics.com/sports/mens-soccer/stats/2024/rogers-state-university-okla-/boxscore/6868
7202501,https://snuathletics.com/sports/mens-soccer/stats/2025/oklahoma-christian-university/boxscore/7089
7202502,https://snuathletics.com/sports/mens-soccer/stats/2025/missouris-t/boxscore/7090
7202503,https://snuathletics.com/sports/mens-soccer/stats/2025/mckendree-university/boxscore/7091
7202504,https://snuathletics.com/sports/mens-soccer/stats/2025/west-texas-am-university/boxscore/7094
7202505,https://snuathletics.com/sports/mens-soccer/stats/2025/midwestern-state-university/boxscore/7095
7202506,https://snuathletics.com/sports/mens-soccer/stats/2025/ouachita-baptist-university/boxscore/7096
7202507,https://snuathletics.com/sports/mens-soccer/stats/2025/harding-university/boxscore/7097
7202508,https://snuathletics.com/sports/mens-soccer/stats/2025/newman-university/boxscore/7098
7202509,https://snuathletics.com/sports/mens-soccer/stats/2025/fort-hays-state-university/boxscore/7099
7202510,https://snuathletics.com/sports/mens-soccer/stats/2025/northeastern-state-university/boxscore/7100
7202511,https://snuathletics.com/sports/mens-soccer/stats/2025/rogers-state-university-okla-/boxscore/7101
7202512,https://snuathletics.com/sports/mens-soccer/stats/2025/harding-university/boxscore/7102
7202513,https://snuathletics.com/sports/mens-soccer/stats/2025/fort-hays-state-university/boxscore/7103
7202514,https://snuathletics.com/sports/mens-soccer/stats/2025/newman-university/boxscore/7104
7202515,https://snuathletics.com/sports/mens-soccer/stats/2025/rogers-state-university-okla-/boxscore/7105
7202516,https://snuathletics.com/sports/mens-soccer/stats/2025/northeastern-state-university/boxscore/7106
7202517,https://snuathletics.com/sports/mens-soccer/stats/2025/ouachita-baptist-university/boxscore/7107
8201601,https://static.hardingsports.com/custompages/wsoc/2016/hu-01.htm
8201602,https://static.hardingsports.com/custompages/wsoc/2016/hu-02.htm
8201603,https://static.hardingsports.com/custompages/wsoc/2016/hu-03.htm
8201604,https://static.hardingsports.com/custompages/wsoc/2016/hu-04.htm
8201605,https://static.hardingsports.com/custompages/wsoc/2016/hu-05.htm
8201606,https://static.hardingsports.com/custompages/wsoc/2016/hu-06.htm
8201607,https://static.hardingsports.com/custompages/wsoc/2016/hu-07.htm
8201608,https://static.hardingsports.com/custompages/wsoc/2016/hu-08.htm
8201609,https://static.hardingsports.com/custompages/wsoc/2016/hu-09.htm
8201610,https://static.hardingsports.com/custompages/wsoc/2016/hu-10.htm
8201611,https://static.hardingsports.com/custompages/wsoc/2016/hu-11.htm
8201612,https://static.hardingsports.com/custompages/wsoc/2016/hu-12.htm
8201613,https://static.hardingsports.com/custompages/wsoc/2016/hu-13.htm
8201614,https://static.hardingsports.com/custompages/wsoc/2016/hu-14.htm
8201615,https://static.hardingsports.com/custompages/wsoc/2016/hu-15.htm
8201616,https://static.hardingsports.com/custompages/wsoc/2016/hu-16.htm
8201617,https://static.hardingsports.com/custompages/wsoc/2016/hu-17.htm
8201618,https://static.hardingsports.com/custompages/wsoc/2016/hu-18.htm
8201619,https://static.hardingsports.com/custompages/wsoc/2016/hu-19.htm
8201620,https://static.hardingsports.com/custompages/wsoc/2016/hu-20.htm
8201701,https://static.hardingsports.com/custompages/wsoc/2017/hu-01.htm
8201702,https://static.hardingsports.com/custompages/wsoc/2017/hu-02.htm
8201703,https://static.hardingsports.com/custompages/wsoc/2017/hu-03.htm
8201704,https://static.hardingsports.com/custompages/wsoc/2017/hu-04.htm
8201705,https://static.hardingsports.com/custompages/wsoc/2017/hu-05.htm
8201706,https://static.hardingsports.com/custompages/wsoc/2017/hu-06.htm
8201707,https://static.hardingsports.com/custompages/wsoc/2017/hu-07.htm
8201708,https://static.hardingsports.com/custompages/wsoc/2017/hu-08.htm
8201709,https://static.hardingsports.com/custompages/wsoc/2017/hu-09.htm
8201710,https://static.hardingsports.com/custompages/wsoc/2017/hu-10.htm
8201711,https://static.hardingsports.com/custompages/wsoc/2017/hu-11.htm
8201712,https://static.hardingsports.com/custompages/wsoc/2017/hu-12.htm
8201713,https://static.hardingsports.com/custompages/wsoc/2017/hu-13.htm
8201714,https://static.hardingsports.com/custompages/wsoc/2017/hu-14.htm
8201715,https://static.hardingsports.com/custompages/wsoc/2017/hu-15.htm
8201716,https://static.hardingsports.com/custompages/wsoc/2017/hu-16.htm
8201717,https://static.hardingsports.com/custompages/wsoc/2017/hu-17.htm
8201718,https://static.hardingsports.com/custompages/wsoc/2017/hu-18.htm
8201719,https://static.hardingsports.com/custompages/wsoc/2017/hu-19.htm
8201801,https://static.hardingsports.com/custompages/wsoc/2018/hu-01.htm
8201802,https://static.hardingsports.com/custompages/wsoc/2018/hu-02.htm
8201803,https://static.hardingsports.com/custompages/wsoc/2018/hu-03.htm
8201804,https://static.hardingsports.com/custompages/wsoc/2018/hu-04.htm
8201805,https://static.hardingsports.com/custompages/wsoc/2018/hu-05.htm
8201806,https://static.hardingsports.com/custompages/wsoc/2018/hu-06.htm
8201807,https://static.hardingsports.com/custompages/wsoc/2018/hu-07.htm
8201808,https://static.hardingsports.com/custompages/wsoc/2018/hu-08.htm
8201809,https://static.hardingsports.com/custompages/wsoc/2018/hu-09.htm
8201810,https://static.hardingsports.com/custompages/wsoc/2018/hu-10.htm
8201811,https://static.hardingsports.com/custompages/wsoc/2018/hu-11.htm
8201812,https://static.hardingsports.com/custompages/wsoc/2018/hu-12.htm
8201813,https://static.hardingsports.com/custompages/wsoc/2018/hu-13.htm
8201814,https://static.hardingsports.com/custompages/wsoc/2018/hu-14.htm
8201815,https://static.hardingsports.com/custompages/wsoc/2018/hu-15.htm
8201816,https://static.hardingsports.com/custompages/wsoc/2018/hu-16.htm
8201817,https://static.hardingsports.com/custompages/wsoc/2018/hu-17.htm
8201901,https://static.hardingsports.com/custompages/wsoc/2019/hu-01.htm
8201902,https://static.hardingsports.com/custompages/wsoc/2019/hu-02.htm
8201903,https://static.hardingsports.com/custompages/wsoc/2019/hu-03.htm
8201904,https://static.hardingsports.com/custompages/wsoc/2019/hu-04.htm
8201905,https://static.hardingsports.com/custompages/wsoc/2019/hu-05.htm
8201906,https://static.hardingsports.com/custompages/wsoc/2019/hu-06.htm
8201907,https://static.hardingsports.com/custompages/wsoc/2019/hu-07.htm
8201908,https://static.hardingsports.com/custompages/wsoc/2019/hu-08.htm
8201909,https://static.hardingsports.com/custompages/wsoc/2019/hu-09.htm
8201910,https://static.hardingsports.com/custompages/wsoc/2019/hu-10.htm
8201911,https://static.hardingsports.com/custompages/wsoc/2019/hu-11.htm
8201912,https://static.hardingsports.com/custompages/wsoc/2019/hu-12.htm
8201913,https://static.hardingsports.com/custompages/wsoc/2019/hu-13.htm
8201914,https://static.hardingsports.com/custompages/wsoc/2019/hu-14.htm
8201915,https://static.hardingsports.com/custompages/wsoc/2019/hu-15.htm
8201916,https://static.hardingsports.com/custompages/wsoc/2019/hu-16.htm
8201917,https://static.hardingsports.com/custompages/wsoc/2019/hu-17.htm
8201918,https://static.hardingsports.com/custompages/wsoc/2019/hu-18.htm
8201919,https://static.hardingsports.com/custompages/wsoc/2019/hu-19.htm
8202001,https://static.hardingsports.com/custompages/wsoc/2020/hu-01.htm
8202002,https://static.hardingsports.com/custompages/wsoc/2020/hu-02.htm
8202003,https://static.hardingsports.com/custompages/wsoc/2020/hu-03.htm
8202004,https://static.hardingsports.com/custompages/wsoc/2020/hu-04.htm
8202005,https://static.hardingsports.com/custompages/wsoc/2020/hu-05.htm
8202006,https://static.hardingsports.com/custompages/wsoc/2020/hu-06.htm
8202007,https://static.hardingsports.com/custompages/wsoc/2020/hu-07.htm
8202101,https://static.hardingsports.com/custompages/wsoc/2021/hu-01.htm
8202102,https://static.hardingsports.com/custompages/wsoc/2021/hu-02.htm
8202103,https://static.hardingsports.com/custompages/wsoc/2021/hu-03.htm
8202104,https://static.hardingsports.com/custompages/wsoc/2021/hu-04.htm
8202105,https://static.hardingsports.com/custompages/wsoc/2021/hu-05.htm
8202106,https://static.hardingsports.com/custompages/wsoc/2021/hu-06.htm
8202107,https://static.hardingsports.com/custompages/wsoc/2021/hu-07.htm
8202108,https://static.hardingsports.com/custompages/wsoc/2021/hu-08.htm
8202109,https://static.hardingsports.com/custompages/wsoc/2021/hu-09.htm
8202110,https://static.hardingsports.com/custompages/wsoc/2021/hu-10.htm
8202111,https://static.hardingsports.com/custompages/wsoc/2021/hu-11.htm
8202112,https://static.hardingsports.com/custompages/wsoc/2021/hu-12.htm
8202113,https://static.hardingsports.com/custompages/wsoc/2021/hu-13.htm
8202114,https://static.hardingsports.com/custompages/wsoc/2021/hu-14.htm
8202115,https://static.hardingsports.com/custompages/wsoc/2021/hu-15.htm
8202116,https://static.hardingsports.com/custompages/wsoc/2021/hu-16.htm
8202117,https://static.hardingsports.com/custompages/wsoc/2021/hu-17.htm
8202118,https://static.hardingsports.com/custompages/wsoc/2021/hu-18.htm
8202201,https://static.hardingsports.com/custompages/wsoc/2022/hu-01.htm
8202202,https://static.hardingsports.com/custompages/wsoc/2022/hu-02.htm
8202203,https://static.hardingsports.com/custompages/wsoc/2022/hu-03.htm
8202204,https://static.hardingsports.com/custompages/wsoc/2022/hu-04.htm
8202205,https://static.hardingsports.com/custompages/wsoc/2022/hu-05.htm
8202206,https://static.hardingsports.com/custompages/wsoc/2022/hu-06.htm
8202207,https://static.hardingsports.com/custompages/wsoc/2022/hu-07.htm
8202208,https://static.hardingsports.com/custompages/wsoc/2022/hu-08.htm
8202209,https://static.hardingsports.com/custompages/wsoc/2022/hu-09.htm
8202210,https://static.hardingsports.com/custompages/wsoc/2022/hu-10.htm
8202211,https://static.hardingsports.com/custompages/wsoc/2022/hu-11.htm
8202212,https://static.hardingsports.com/custompages/wsoc/2022/hu-12.htm
8202213,https://static.hardingsports.com/custompages/wsoc/2022/hu-13.htm
8202214,https://static.hardingsports.com/custompages/wsoc/2022/hu-14.htm
8202215,https://static.hardingsports.com/custompages/wsoc/2022/hu-15.htm
8202216,https://static.hardingsports.com/custompages/wsoc/2022/hu-16.htm
8202217,https://static.hardingsports.com/custompages/wsoc/2022/hu-17.htm
8202218,https://static.hardingsports.com/custompages/wsoc/2022/hu-18.htm
8202301,https://static.hardingsports.com/custompages/wsoc/2023/hu-01.htm
8202302,https://static.hardingsports.com/custompages/wsoc/2023/hu-02.htm
8202303,https://static.hardingsports.com/custompages/wsoc/2023/hu-03.htm
8202304,https://static.hardingsports.com/custompages/wsoc/2023/hu-04.htm
8202305,https://static.hardingsports.com/custompages/wsoc/2023/hu-05.htm
8202306,https://static.hardingsports.com/custompages/wsoc/2023/hu-06.htm
8202307,https://static.hardingsports.com/custompages/wsoc/2023/hu-07.htm
8202308,https://static.hardingsports.com/custompages/wsoc/2023/hu-08.htm
8202309,https://static.hardingsports.com/custompages/wsoc/2023/hu-09.htm
8202310,https://static.hardingsports.com/custompages/wsoc/2023/hu-10.htm
8202311,https://static.hardingsports.com/custompages/wsoc/2023/hu-11.htm
8202312,https://static.hardingsports.com/custompages/wsoc/2023/hu-12.htm
8202313,https://static.hardingsports.com/custompages/wsoc/2023/hu-13.htm
8202314,https://static.hardingsports.com/custompages/wsoc/2023/hu-14.htm
8202315,https://static.hardingsports.com/custompages/wsoc/2023/hu-15.htm
8202316,https://static.hardingsports.com/custompages/wsoc/2023/hu-16.htm
8202317,https://static.hardingsports.com/custompages/wsoc/2023/hu-17.htm
8202318,https://static.hardingsports.com/custompages/wsoc/2023/hu-18.htm
8202401,https://static.hardingsports.com/custompages/wsoc/2024/hu-01.htm
8202402,https://static.hardingsports.com/custompages/wsoc/2024/hu-02.htm
8202403,https://static.hardingsports.com/custompages/wsoc/2024/hu-03.htm
8202404,https://static.hardingsports.com/custompages/wsoc/2024/hu-04.htm
8202405,https://static.hardingsports.com/custompages/wsoc/2024/hu-05.htm
8202406,https://static.hardingsports.com/custompages/wsoc/2024/hu-06.htm
8202407,https://static.hardingsports.com/custompages/wsoc/2024/hu-07.htm
8202408,https://static.hardingsports.com/custompages/wsoc/2024/hu-08.htm
8202409,https://static.hardingsports.com/custompages/wsoc/2024/hu-09.htm
8202410,https://static.hardingsports.com/custompages/wsoc/2024/hu-10.htm
8202411,https://static.hardingsports.com/custompages/wsoc/2024/hu-11.htm
8202412,https://static.hardingsports.com/custompages/wsoc/2024/hu-12.htm
8202413,https://static.hardingsports.com/custompages/wsoc/2024/hu-13.htm
8202414,https://static.hardingsports.com/custompages/wsoc/2024/hu-14.htm
8202415,https://static.hardingsports.com/custompages/wsoc/2024/hu-15.htm
8202416,https://static.hardingsports.com/custompages/wsoc/2024/hu-16.htm
8202417,https://static.hardingsports.com/custompages/wsoc/2024/hu-17.htm
8202418,https://static.hardingsports.com/custompages/wsoc/2024/hu-18.htm
8202501,https://static.hardingsports.com/custompages/wsoc/2025/hu-01.htm
8202502,https://static.hardingsports.com/custompages/wsoc/2025/hu-02.htm
8202503,https://static.hardingsports.com/custompages/wsoc/2025/hu-03.htm
8202504,https://static.hardingsports.com/custompages/wsoc/2025/hu-04.htm
8202505,https://static.hardingsports.com/custompages/wsoc/2025/hu-05.htm
8202506,https://static.hardingsports.com/custompages/wsoc/2025/hu-06.htm
8202507,https://static.hardingsports.com/custompages/wsoc/2025/hu-07.htm
8202508,https://static.hardingsports.com/custompages/wsoc/2025/hu-08.htm
8202509,https://static.hardingsports.com/custompages/wsoc/2025/hu-09.htm
8202510,https://static.hardingsports.com/custompages/wsoc/2025/hu-10.htm
8202511,https://static.hardingsports.com/custompages/wsoc/2025/hu-11.htm
8202512,https://static.hardingsports.com/custompages/wsoc/2025/hu-12.htm
8202513,https://static.hardingsports.com/custompages/wsoc/2025/hu-13.htm
8202514,https://static.hardingsports.com/custompages/wsoc/2025/hu-14.htm
8202515,https://static.hardingsports.com/custompages/wsoc/2025/hu-15.htm
8202516,https://static.hardingsports.com/custompages/wsoc/2025/hu-16.htm
8202517,https://static.hardingsports.com/custompages/wsoc/2025/hu-17.htm
8202518,https://static.hardingsports.com/custompages/wsoc/2025/hu-18.htm
8202519,https://static.hardingsports.com/custompages/wsoc/2025/hu-19.htm
8202520,https://static.hardingsports.com/custompages/wsoc/2025/hu-20.htm
8202521,https://static.hardingsports.com/custompages/wsoc/2025/hu-21.htm
9201601,https://ecutigers.com/sports/womens-soccer/stats/2016/oklahoma-christian/boxscore/2212
9201602,https://ecutigers.com/sports/womens-soccer/stats/2016/rogers-state/boxscore/2213
9201603,https://ecutigers.com/sports/womens-soccer/stats/2016/newman/boxscore/2214
9201604,https://ecutigers.com/sports/womens-soccer/stats/2016/northeastern-state/boxscore/2215
9201605,https://ecutigers.com/sports/womens-soccer/stats/2016/texas-woman-s/boxscore/2216
9201606,https://ecutigers.com/sports/womens-soccer/stats/2016/northwestern/boxscore/2218
9201607,https://ecutigers.com/sports/womens-soccer/stats/2016/southwestern/boxscore/2219
9201608,https://ecutigers.com/sports/womens-soccer/stats/2016/oklahoma-baptist/boxscore/2220
9201609,https://ecutigers.com/sports/womens-soccer/stats/2016/southern-nazarene/boxscore/2221
9201610,https://ecutigers.com/sports/womens-soccer/stats/2016/ouachita-baptist/boxscore/2222
9201611,https://ecutigers.com/sports/womens-soccer/stats/2016/harding/boxscore/2223
9201612,https://ecutigers.com/sports/womens-soccer/stats/2016/southwestern/boxscore/2224
9201613,https://ecutigers.com/sports/womens-soccer/stats/2016/northwestern/boxscore/2225
9201614,https://ecutigers.com/sports/womens-soccer/stats/2016/southern-nazarene/boxscore/2226
9201615,https://ecutigers.com/sports/womens-soccer/stats/2016/oklahoma-baptist/boxscore/2227
9201616,https://ecutigers.com/sports/womens-soccer/stats/2016/harding/boxscore/2228
9201617,https://ecutigers.com/sports/womens-soccer/stats/2016/ouachita-baptist/boxscore/2229
9201701,https://ecutigers.com/sports/womens-soccer/stats/2017/oklahoma-christian/boxscore/2458
9201702,https://ecutigers.com/sports/womens-soccer/stats/2017/rogers-state/boxscore/2459
9201703,https://ecutigers.com/sports/womens-soccer/stats/2017/newman/boxscore/2460
9201704,https://ecutigers.com/sports/womens-soccer/stats/2017/randall/boxscore/2461
9201705,https://ecutigers.com/sports/womens-soccer/stats/2017/eastern-new-mexico/boxscore/2462
9201706,https://ecutigers.com/sports/womens-soccer/stats/2017/southwestern-christian/boxscore/2463
9201707,https://ecutigers.com/sports/womens-soccer/stats/2017/southwestern/boxscore/2464
9201708,https://ecutigers.com/sports/womens-soccer/stats/2017/northwestern/boxscore/2465
9201709,https://ecutigers.com/sports/womens-soccer/stats/2017/oklahoma-baptist/boxscore/2467
9201710,https://ecutigers.com/sports/womens-soccer/stats/2017/harding/boxscore/2468
9201711,https://ecutigers.com/sports/womens-soccer/stats/2017/ouachita-baptist/boxscore/2469
9201712,https://ecutigers.com/sports/womens-soccer/stats/2017/northwestern/boxscore/2470
9201713,https://ecutigers.com/sports/womens-soccer/stats/2017/southwestern/boxscore/2471
9201714,https://ecutigers.com/sports/womens-soccer/stats/2017/oklahoma-baptist/boxscore/2472
9201715,https://ecutigers.com/sports/womens-soccer/stats/2017/southern-nazarene/boxscore/2473
9201716,https://ecutigers.com/sports/womens-soccer/stats/2017/ouachita-baptist/boxscore/2474
9201717,https://ecutigers.com/sports/womens-soccer/stats/2017/harding/boxscore/2475
9201718,https://ecutigers.com/sports/womens-soccer/stats/2017/oklahoma-baptist/boxscore/2476
9201801,https://ecutigers.com/sports/womens-soccer/stats/2018/southwestern-christian/boxscore/2732
9201802,https://ecutigers.com/sports/womens-soccer/stats/2018/texas-woman-s/boxscore/2733
9201803,https://ecutigers.com/sports/womens-soccer/stats/2018/rogers-state/boxscore/2734
9201804,https://ecutigers.com/sports/womens-soccer/stats/2018/missouri-southern-state/boxscore/2735
9201805,https://ecutigers.com/sports/womens-soccer/stats/2018/eastern-new-mexico/boxscore/2736
9201806,https://ecutigers.com/sports/womens-soccer/stats/2018/angelo-state/boxscore/2737
9201807,https://ecutigers.com/sports/womens-soccer/stats/2018/northwestern-oklahoma-state/boxscore/2738
9201808,https://ecutigers.com/sports/womens-soccer/stats/2018/southwestern-oklahoma-state/boxscore/2739
9201809,https://ecutigers.com/sports/womens-soccer/stats/2018/oklahoma-baptist/boxscore/2740
9201810,https://ecutigers.com/sports/womens-soccer/stats/2018/southern-nazarene/boxscore/2741
9201811,https://ecutigers.com/sports/womens-soccer/stats/2018/ouachita-baptist/boxscore/2742
9201812,https://ecutigers.com/sports/womens-soccer/stats/2018/harding/boxscore/2743
9201813,https://ecutigers.com/sports/womens-soccer/stats/2018/southwestern-oklahoma-state/boxscore/2744
9201814,https://ecutigers.com/sports/womens-soccer/stats/2018/southern-nazarene/boxscore/2746
9201815,https://ecutigers.com/sports/womens-soccer/stats/2018/oklahoma-baptist/boxscore/2747
9201816,https://ecutigers.com/sports/womens-soccer/stats/2018/northwestern-oklahoma-state/boxscore/2861
9201817,https://ecutigers.com/sports/womens-soccer/stats/2018/harding/boxscore/2748
9201818,https://ecutigers.com/sports/womens-soccer/stats/2018/ouachita-baptist/boxscore/2749
9201901,https://ecutigers.com/sports/womens-soccer/stats/2019/eastern-new-mexico/boxscore/3082
9201902,https://ecutigers.com/sports/womens-soccer/stats/2019/texas-woman-s/boxscore/3083
9201903,https://ecutigers.com/sports/womens-soccer/stats/2019/oklahoma-christian/boxscore/3084
9201904,https://ecutigers.com/sports/womens-soccer/stats/2019/missouri-southern-state/boxscore/3085
9201905,https://ecutigers.com/sports/womens-soccer/stats/2019/central-oklahoma/boxscore/3086
9201906,https://ecutigers.com/sports/womens-soccer/stats/2019/texas-am-commerce/boxscore/3087
9201907,https://ecutigers.com/sports/womens-soccer/stats/2019/southwestern/boxscore/3088
9201908,https://ecutigers.com/sports/womens-soccer/stats/2019/northwestern/boxscore/3089
9201909,https://ecutigers.com/sports/womens-soccer/stats/2019/oklahoma-baptist/boxscore/3091
9201910,https://ecutigers.com/sports/womens-soccer/stats/2019/harding/boxscore/3092
9201911,https://ecutigers.com/sports/womens-soccer/stats/2019/ouachita-baptist/boxscore/3093
9201912,https://ecutigers.com/sports/womens-soccer/stats/2019/southern-nazarene/boxscore/3178
9201913,https://ecutigers.com/sports/womens-soccer/stats/2019/northwestern/boxscore/3094
9201914,https://ecutigers.com/sports/womens-soccer/stats/2019/southwestern/boxscore/3095
9201915,https://ecutigers.com/sports/womens-soccer/stats/2019/oklahoma-baptist/boxscore/3096
9201916,https://ecutigers.com/sports/womens-soccer/stats/2019/southern-nazarene/boxscore/3097
9201917,https://ecutigers.com/sports/womens-soccer/stats/2019/ouachita-baptist/boxscore/3098
9201918,https://ecutigers.com/sports/womens-soccer/stats/2019/harding/boxscore/3099
9202001,https://ecutigers.com/sports/womens-soccer/stats/2020/southwestern-oklahoma-state/boxscore/3777
9202002,https://ecutigers.com/sports/womens-soccer/stats/2020/oklahoma-baptist/boxscore/3700
9202003,https://ecutigers.com/sports/womens-soccer/stats/2020/ouachita-baptist/boxscore/3701
9202004,https://ecutigers.com/sports/womens-soccer/stats/2020/rogers-state/boxscore/3778
9202005,https://ecutigers.com/sports/womens-soccer/stats/2020/southern-nazarene/boxscore/3702
9202006,https://ecutigers.com/sports/womens-soccer/stats/2020/harding-senior-day-/boxscore/3703
9202007,https://ecutigers.com/sports/womens-soccer/stats/2020/northwestern-oklahoma-state/boxscore/3699
9202008,https://ecutigers.com/sports/womens-soccer/stats/2020/southwestern-oklahoma-state/boxscore/3704
9202009,https://ecutigers.com/sports/womens-soccer/stats/2020/harding/boxscore/3766
9202010,https://ecutigers.com/sports/womens-soccer/stats/2020/oklahoma-baptist-gac-semifinals-/boxscore/3850
9202101,https://ecutigers.com/sports/womens-soccer/stats/2021/rogers-state/boxscore/3890
9202102,https://ecutigers.com/sports/womens-soccer/stats/2021/no-3-angelo-state/boxscore/3892
9202103,https://ecutigers.com/sports/womens-soccer/stats/2021/st-mary-s/boxscore/3893
9202104,https://ecutigers.com/sports/womens-soccer/stats/2021/midwestern-state/boxscore/3895
9202105,https://ecutigers.com/sports/womens-soccer/stats/2021/oklahoma-baptist/boxscore/3904
9202106,https://ecutigers.com/sports/womens-soccer/stats/2021/southwestern-oklahoma-state/boxscore/3897
9202107,https://ecutigers.com/sports/womens-soccer/stats/2021/northwestern-oklahoma-state/boxscore/3896
9202108,https://ecutigers.com/sports/womens-soccer/stats/2021/oklahoma-baptist/boxscore/3898
9202109,https://ecutigers.com/sports/womens-soccer/stats/2021/southern-nazarene/boxscore/3899
9202110,https://ecutigers.com/sports/womens-soccer/stats/2021/harding/boxscore/3901
9202111,https://ecutigers.com/sports/womens-soccer/stats/2021/ouachita-baptist/boxscore/3900
9202112,https://ecutigers.com/sports/womens-soccer/stats/2021/southwestern-oklahoma-state/boxscore/3902
9202113,https://ecutigers.com/sports/womens-soccer/stats/2021/northwestern-oklahoma-state-senior-day-/boxscore/3903
9202114,https://ecutigers.com/sports/womens-soccer/stats/2021/southern-nazarene/boxscore/3905
9202115,https://ecutigers.com/sports/womens-soccer/stats/2021/harding/boxscore/3906
9202116,https://ecutigers.com/sports/womens-soccer/stats/2021/ouachita-baptist/boxscore/3907
9202201,https://ecutigers.com/sports/womens-soccer/stats/2022/southwest-minnesota-state-university/boxscore/5114
9202202,https://ecutigers.com/sports/womens-soccer/stats/2022/winona-state-university/boxscore/5115
9202203,https://ecutigers.com/sports/womens-soccer/stats/2022/university-of-central-oklahoma/boxscore/5116
9202204,https://ecutigers.com/sports/womens-soccer/stats/2022/lubbock-christian-university-texas-/boxscore/5117
9202205,https://ecutigers.com/sports/womens-soccer/stats/2022/oklahoma-christian-university/boxscore/5118
9202206,https://ecutigers.com/sports/womens-soccer/stats/2022/midwestern-state-university-texas/boxscore/5119
9202207,https://ecutigers.com/sports/womens-soccer/stats/2022/southern-nazarene-university/boxscore/5120
9202208,https://ecutigers.com/sports/womens-soccer/stats/2022/southwestern-oklahoma-state-university/boxscore/5121
9202209,https://ecutigers.com/sports/womens-soccer/stats/2022/northwestern-oklahoma-state-university/boxscore/5122
9202210,https://ecutigers.com/sports/womens-soccer/stats/2022/oklahoma-baptist-university/boxscore/5123
9202211,https://ecutigers.com/sports/womens-soccer/stats/2022/southern-nazarene-university/boxscore/5124
9202212,https://ecutigers.com/sports/womens-soccer/stats/2022/harding-university/boxscore/5125
9202213,https://ecutigers.com/sports/womens-soccer/stats/2022/ouachita-baptist-university/boxscore/5126
9202214,https://ecutigers.com/sports/womens-soccer/stats/2022/southwestern-oklahoma-state-university/boxscore/5127
9202215,https://ecutigers.com/sports/womens-soccer/stats/2022/northwestern-oklahoma-state-university/boxscore/5128
9202216,https://ecutigers.com/sports/womens-soccer/stats/2022/oklahoma-baptist-university/boxscore/5129
9202217,https://ecutigers.com/sports/womens-soccer/stats/2022/ouachita-baptist-university/boxscore/5130
9202218,https://ecutigers.com/sports/womens-soccer/stats/2022/harding-university/boxscore/5131
9202301,https://ecutigers.com/sports/womens-soccer/stats/2023/st-marys-university-tx-/boxscore/6541
9202302,https://ecutigers.com/sports/womens-soccer/stats/2023/angelo-state-university/boxscore/6542
9202303,https://ecutigers.com/sports/womens-soccer/stats/2023/texas-womans-university/boxscore/6543
9202304,https://ecutigers.com/sports/womens-soccer/stats/2023/university-of-texas-at-tyler/boxscore/6544
9202305,https://ecutigers.com/sports/womens-soccer/stats/2023/rogers-state-university-okla-/boxscore/6545
9202306,https://ecutigers.com/sports/womens-soccer/stats/2023/oklahoma-christian-university/boxscore/6546
9202307,https://ecutigers.com/sports/womens-soccer/stats/2023/harding-university/boxscore/6547
9202308,https://ecutigers.com/sports/womens-soccer/stats/2023/oklahoma-baptist-university/boxscore/6548
9202309,https://ecutigers.com/sports/womens-soccer/stats/2023/southern-nazarene-university/boxscore/6549
9202310,https://ecutigers.com/sports/womens-soccer/stats/2023/southwestern-oklahoma-state-university/boxscore/6550
9202311,https://ecutigers.com/sports/womens-soccer/stats/2023/northwestern-oklahoma-state-university/boxscore/6551
9202312,https://ecutigers.com/sports/womens-soccer/stats/2023/ouachita-baptist-university/boxscore/6552
9202313,https://ecutigers.com/sports/womens-soccer/stats/2023/oklahoma-baptist-university/boxscore/6553
9202314,https://ecutigers.com/sports/womens-soccer/stats/2023/southern-nazarene-university/boxscore/6554
9202315,https://ecutigers.com/sports/womens-soccer/stats/2023/northwestern-oklahoma-state-university/boxscore/6555
9202316,https://ecutigers.com/sports/womens-soccer/stats/2023/southwestern-oklahoma-state-university/boxscore/6556
9202317,https://ecutigers.com/sports/womens-soccer/stats/2023/ouachita-baptist-university/boxscore/6557
9202318,https://ecutigers.com/sports/womens-soccer/stats/2023/harding-university/boxscore/6558
9202401,https://ecutigers.com/sports/womens-soccer/stats/2024/texas-womans-university/boxscore/6783
9202402,https://ecutigers.com/sports/womens-soccer/stats/2024/university-of-texas-at-tyler/boxscore/6784
9202403,https://ecutigers.com/sports/womens-soccer/stats/2024/pittsburg-state-university/boxscore/6785
9202404,https://ecutigers.com/sports/womens-soccer/stats/2024/angelo-state-university/boxscore/6815
9202405,https://ecutigers.com/sports/womens-soccer/stats/2024/oklahoma-christian-university/boxscore/6786
9202406,https://ecutigers.com/sports/womens-soccer/stats/2024/northeastern-state-university/boxscore/6787
9202407,https://ecutigers.com/sports/womens-soccer/stats/2024/harding-university/boxscore/6788
9202408,https://ecutigers.com/sports/womens-soccer/stats/2024/ouachita-baptist-university/boxscore/6789
9202409,https://ecutigers.com/sports/womens-soccer/stats/2024/oklahoma-baptist-university/boxscore/6790
9202410,https://ecutigers.com/sports/womens-soccer/stats/2024/southern-nazarene-university/boxscore/6791
9202411,https://ecutigers.com/sports/womens-soccer/stats/2024/southwestern-oklahoma-state-university/boxscore/6792
9202412,https://ecutigers.com/sports/womens-soccer/stats/2024/northwestern-oklahoma-state-university/boxscore/6794
9202413,https://ecutigers.com/sports/womens-soccer/stats/2024/ouachita-baptist-university/boxscore/6795
9202414,https://ecutigers.com/sports/womens-soccer/stats/2024/northwestern-oklahoma-state-university/boxscore/6796
9202415,https://ecutigers.com/sports/womens-soccer/stats/2024/southwestern-oklahoma-state-university/boxscore/6797
9202416,https://ecutigers.com/sports/womens-soccer/stats/2024/oklahoma-baptist-university/boxscore/6798
9202417,https://ecutigers.com/sports/womens-soccer/stats/2024/southern-nazarene-university/boxscore/6799
9202418,https://ecutigers.com/sports/womens-soccer/stats/2024/harding-university/boxscore/6800
9202501,https://ecutigers.com/sports/womens-soccer/stats/2025/texas-womans-university/boxscore/7111
9202502,https://ecutigers.com/sports/womens-soccer/stats/2025/university-of-texas-at-tyler/boxscore/7112
9202503,https://ecutigers.com/sports/womens-soccer/stats/2025/oklahoma-christian-university/boxscore/7113
9202504,https://ecutigers.com/sports/womens-soccer/stats/2025/st-marys-university-tx-/boxscore/7114
9202505,https://ecutigers.com/sports/womens-soccer/stats/2025/northeastern-state-university/boxscore/7115
9202506,https://ecutigers.com/sports/womens-soccer/stats/2025/pittsburg-state-university/boxscore/7116
9202507,https://ecutigers.com/sports/womens-soccer/stats/2025/ouachita-baptist-university/boxscore/7118
9202508,https://ecutigers.com/sports/womens-soccer/stats/2025/harding-university/boxscore/7119
9202509,https://ecutigers.com/sports/womens-soccer/stats/2025/northwestern-oklahoma-state-university/boxscore/7120
9202510,https://ecutigers.com/sports/womens-soccer/stats/2025/southwestern-oklahoma-state-university/boxscore/7121
9202511,https://ecutigers.com/sports/womens-soccer/stats/2025/southern-nazarene-university/boxscore/7122
9202512,https://ecutigers.com/sports/womens-soccer/stats/2025/oklahoma-baptist-university/boxscore/7123
9202513,https://ecutigers.com/sports/womens-soccer/stats/2025/ouachita-baptist-university/boxscore/7124
9202514,https://ecutigers.com/sports/womens-soccer/stats/2025/southwestern-oklahoma-state-university/boxscore/7125
9202515,https://ecutigers.com/sports/womens-soccer/stats/2025/northwestern-oklahoma-state-university/boxscore/7126
9202516,https://ecutigers.com/sports/womens-soccer/stats/2025/oklahoma-baptist-university/boxscore/7127
9202517,https://ecutigers.com/sports/womens-soccer/stats/2025/southern-nazarene-university/boxscore/7128
9202518,https://ecutigers.com/sports/womens-soccer/stats/2025/harding-university/boxscore/7129
10201601,https://riderangersride.com/sports/womens-soccer/stats/2016/newman-university/boxscore/2897
10201602,https://riderangersride.com/sports/womens-soccer/stats/2016/northeastern-state-university/boxscore/2898
10201603,https://riderangersride.com/sports/womens-soccer/stats/2016/washburn-university/boxscore/2899
10201604,https://riderangersride.com/sports/womens-soccer/stats/2016/fort-hays-state-university/boxscore/2900
10201605,https://riderangersride.com/sports/womens-soccer/stats/2016/southwestern-oklahoma-state-university/boxscore/2901
10201606,https://riderangersride.com/sports/womens-soccer/stats/2016/east-central-university/boxscore/2902
10201607,https://riderangersride.com/sports/womens-soccer/stats/2016/oklahoma-christian-university/boxscore/2903
10201608,https://riderangersride.com/sports/womens-soccer/stats/2016/harding-university/boxscore/2904
10201609,https://riderangersride.com/sports/womens-soccer/stats/2016/ouachita-baptist-university/boxscore/2905
10201610,https://riderangersride.com/sports/womens-soccer/stats/2016/rogers-state-university-okla-/boxscore/2906
10201611,https://riderangersride.com/sports/womens-soccer/stats/2016/oklahoma-baptist-university/boxscore/2907
10201612,https://riderangersride.com/sports/womens-soccer/stats/2016/southern-nazarene-university/boxscore/2908
10201613,https://riderangersride.com/sports/womens-soccer/stats/2016/southwestern-oklahoma-state-university/boxscore/2909
10201614,https://riderangersride.com/sports/womens-soccer/stats/2016/east-central-university/boxscore/2910
10201615,https://riderangersride.com/sports/womens-soccer/stats/2016/ouachita-baptist-university/boxscore/2911
10201616,https://riderangersride.com/sports/womens-soccer/stats/2016/harding-university/boxscore/2912
10201617,https://riderangersride.com/sports/womens-soccer/stats/2016/southern-nazarene-university/boxscore/2913
10201618,https://riderangersride.com/sports/womens-soccer/stats/2016/oklahoma-baptist-university/boxscore/2914
10201701,https://riderangersride.com/sports/womens-soccer/stats/2017/rogers-state-university-okla-/boxscore/3137
10201702,https://riderangersride.com/sports/womens-soccer/stats/2017/northeastern-state-university/boxscore/3138
10201703,https://riderangersride.com/sports/womens-soccer/stats/2017/washburn-university/boxscore/3139
10201704,https://riderangersride.com/sports/womens-soccer/stats/2017/southwest-baptist-university/boxscore/3140
10201705,https://riderangersride.com/sports/womens-soccer/stats/2017/newman-university/boxscore/3141
10201706,https://riderangersride.com/sports/womens-soccer/stats/2017/southwestern-oklahoma-state-university/boxscore/3142
10201707,https://riderangersride.com/sports/womens-soccer/stats/2017/east-central-university/boxscore/3143
10201708,https://riderangersride.com/sports/womens-soccer/stats/2017/ouachita-baptist-university/boxscore/3144
10201709,https://riderangersride.com/sports/womens-soccer/stats/2017/harding-university/boxscore/3145
10201710,https://riderangersride.com/sports/womens-soccer/stats/2017/oklahoma-christian-university/boxscore/3146
10201711,https://riderangersride.com/sports/womens-soccer/stats/2017/southern-nazarene-university/boxscore/3147
10201712,https://riderangersride.com/sports/womens-soccer/stats/2017/oklahoma-baptist-university/boxscore/3148
10201713,https://riderangersride.com/sports/womens-soccer/stats/2017/southwestern-oklahoma-state-university/boxscore/3149
10201714,https://riderangersride.com/sports/womens-soccer/stats/2017/east-central-university/boxscore/3150
10201715,https://riderangersride.com/sports/womens-soccer/stats/2017/harding-university/boxscore/3151
10201716,https://riderangersride.com/sports/womens-soccer/stats/2017/ouachita-baptist-university/boxscore/3152
10201717,https://riderangersride.com/sports/womens-soccer/stats/2017/oklahoma-baptist-university/boxscore/3153
10201718,https://riderangersride.com/sports/womens-soccer/stats/2017/southern-nazarene-university/boxscore/3154
10201801,https://riderangersride.com/sports/womens-soccer/stats/2018/rogers-state-university-okla-/boxscore/3472
10201802,https://riderangersride.com/sports/womens-soccer/stats/2018/northeastern-state-university/boxscore/3473
10201803,https://riderangersride.com/sports/womens-soccer/stats/2018/southwest-baptist-university/boxscore/3474
10201804,https://riderangersride.com/sports/womens-soccer/stats/2018/newman-university/boxscore/3476
10201805,https://riderangersride.com/sports/womens-soccer/stats/2018/southwestern-oklahoma-state-university/boxscore/3477
10201806,https://riderangersride.com/sports/womens-soccer/stats/2018/east-central-university/boxscore/3478
10201807,https://riderangersride.com/sports/womens-soccer/stats/2018/harding-university/boxscore/3480
10201808,https://riderangersride.com/sports/womens-soccer/stats/2018/ouachita-baptist-university/boxscore/3481
10201809,https://riderangersride.com/sports/womens-soccer/stats/2018/oklahoma-baptist-university/boxscore/3482
10201810,https://riderangersride.com/sports/womens-soccer/stats/2018/southern-nazarene-university/boxscore/3483
10201811,https://riderangersride.com/sports/womens-soccer/stats/2018/southwestern-oklahoma-state-university/boxscore/3484
10201812,https://riderangersride.com/sports/womens-soccer/stats/2018/ouachita-baptist-university/boxscore/3486
10201813,https://riderangersride.com/sports/womens-soccer/stats/2018/harding-university/boxscore/3487
10201814,https://riderangersride.com/sports/womens-soccer/stats/2018/east-central-university/boxscore/3485
10201815,https://riderangersride.com/sports/womens-soccer/stats/2018/southern-nazarene-university/boxscore/3488
10201816,https://riderangersride.com/sports/womens-soccer/stats/2018/oklahoma-baptist-university/boxscore/3489
10201902,https://riderangersride.com/sports/womens-soccer/stats/2019/oklahoma-christian-university/boxscore/3781
10201903,https://riderangersride.com/sports/womens-soccer/stats/2019/northeastern-state-university/boxscore/3782
10201904,https://riderangersride.com/sports/womens-soccer/stats/2019/texas-am-university-commerce/boxscore/3783
10201905,https://riderangersride.com/sports/womens-soccer/stats/2019/oklahoma-panhandle-state-university/boxscore/3784
10201906,https://riderangersride.com/sports/womens-soccer/stats/2019/st-marys-university-texas-/boxscore/3785
10201907,https://riderangersride.com/sports/womens-soccer/stats/2019/texas-am-international-university/boxscore/3786
10201908,https://riderangersride.com/sports/womens-soccer/stats/2019/southwestern-oklahoma-state-university/boxscore/3787
10201909,https://riderangersride.com/sports/womens-soccer/stats/2019/east-central-university/boxscore/3788
10201910,https://riderangersride.com/sports/womens-soccer/stats/2019/ouachita-baptist-university/boxscore/3789
10201911,https://riderangersride.com/sports/womens-soccer/stats/2019/harding-university/boxscore/3790
10201912,https://riderangersride.com/sports/womens-soccer/stats/2019/southern-nazarene-university/boxscore/3791
10201913,https://riderangersride.com/sports/womens-soccer/stats/2019/oklahoma-baptist-university/boxscore/3792
10201914,https://riderangersride.com/sports/womens-soccer/stats/2019/southwestern-oklahoma-state-university/boxscore/3793
10201915,https://riderangersride.com/sports/womens-soccer/stats/2019/east-central-university/boxscore/3794
10201916,https://riderangersride.com/sports/womens-soccer/stats/2019/harding-university/boxscore/3795
10201917,https://riderangersride.com/sports/womens-soccer/stats/2019/ouachita-baptist-university/boxscore/3796
10201918,https://riderangersride.com/sports/womens-soccer/stats/2019/oklahoma-baptist-university/boxscore/3797
10201919,https://riderangersride.com/sports/womens-soccer/stats/2019/southern-nazarene-university/boxscore/3798
10202101,https://riderangersride.com/sports/womens-soccer/stats/2021/midwestern-state-university-texas/boxscore/4478
10202102,https://riderangersride.com/sports/womens-soccer/stats/2021/newman-university/boxscore/4479
10202103,https://riderangersride.com/sports/womens-soccer/stats/2021/university-of-nebraska-at-kearney/boxscore/4480
10202104,https://riderangersride.com/sports/womens-soccer/stats/2021/wayne-state-college/boxscore/4481
10202105,https://riderangersride.com/sports/womens-soccer/stats/2021/oklahoma-panhandle-state-university/boxscore/4482
10202106,https://riderangersride.com/sports/womens-soccer/stats/2021/oklahoma-christian-university/boxscore/4483
10202107,https://riderangersride.com/sports/womens-soccer/stats/2021/southwestern-oklahoma-state-university/boxscore/4484
10202108,https://riderangersride.com/sports/womens-soccer/stats/2021/east-central-university/boxscore/4600
10202109,https://riderangersride.com/sports/womens-soccer/stats/2021/harding-university/boxscore/4486
10202110,https://riderangersride.com/sports/womens-soccer/stats/2021/ouachita-baptist-university/boxscore/4487
10202111,https://riderangersride.com/sports/womens-soccer/stats/2021/oklahoma-baptist-university/boxscore/4488
10202112,https://riderangersride.com/sports/womens-soccer/stats/2021/southern-nazarene-university/boxscore/4489
10202113,https://riderangersride.com/sports/womens-soccer/stats/2021/southwestern-oklahoma-state-university/boxscore/4490
10202114,https://riderangersride.com/sports/womens-soccer/stats/2021/east-central-university/boxscore/4491
10202115,https://riderangersride.com/sports/womens-soccer/stats/2021/harding-university/boxscore/4492
10202116,https://riderangersride.com/sports/womens-soccer/stats/2021/ouachita-baptist-university/boxscore/4493
10202117,https://riderangersride.com/sports/womens-soccer/stats/2021/southern-nazarene-university/boxscore/4494
10202118,https://riderangersride.com/sports/womens-soccer/stats/2021/oklahoma-baptist-university/boxscore/4495
10202119,https://riderangersride.com/sports/womens-soccer/stats/2021/oklahoma-baptist-university/boxscore/4605
10202201,https://riderangersride.com/sports/womens-soccer/stats/2022/oklahoma-panhandle-state-university/boxscore/4800
10202202,https://riderangersride.com/sports/womens-soccer/stats/2022/newman-university/boxscore/4801
10202203,https://riderangersride.com/sports/womens-soccer/stats/2022/wayne-state-college/boxscore/4802
10202204,https://riderangersride.com/sports/womens-soccer/stats/2022/fort-hays-state-university/boxscore/4803
10202205,https://riderangersride.com/sports/womens-soccer/stats/2022/midwestern-state-university-texas/boxscore/4804
10202206,https://riderangersride.com/sports/womens-soccer/stats/2022/new-mexico-highlands-university/boxscore/4805
10202207,https://riderangersride.com/sports/womens-soccer/stats/2022/southwestern-oklahoma-state-university/boxscore/4806
10202208,https://riderangersride.com/sports/womens-soccer/stats/2022/east-central-university/boxscore/4807
10202209,https://riderangersride.com/sports/womens-soccer/stats/2022/ouachita-baptist-university/boxscore/4808
10202210,https://riderangersride.com/sports/womens-soccer/stats/2022/harding-university/boxscore/4809
10202211,https://riderangersride.com/sports/womens-soccer/stats/2022/southern-nazarene-university/boxscore/4810
10202212,https://riderangersride.com/sports/womens-soccer/stats/2022/oklahoma-baptist-university/boxscore/4811
10202213,https://riderangersride.com/sports/womens-soccer/stats/2022/southwestern-oklahoma-state-university/boxscore/4812
10202214,https://riderangersride.com/sports/womens-soccer/stats/2022/east-central-university/boxscore/4813
10202215,https://riderangersride.com/sports/womens-soccer/stats/2022/harding-university/boxscore/4814
10202216,https://riderangersride.com/sports/womens-soccer/stats/2022/ouachita-baptist-university/boxscore/4815
10202217,https://riderangersride.com/sports/womens-soccer/stats/2022/oklahoma-baptist-university/boxscore/4816
10202218,https://riderangersride.com/sports/womens-soccer/stats/2022/southern-nazarene-university/boxscore/4817
10202219,https://riderangersride.com/sports/womens-soccer/stats/2022/southwestern-oklahoma-state-university/boxscore/4818
10202301,https://riderangersride.com/sports/womens-soccer/stats/2023/fort-hays-state-university/boxscore/5097
10202302,https://riderangersride.com/sports/womens-soccer/stats/2023/newman-university/boxscore/5098
10202303,https://riderangersride.com/sports/womens-soccer/stats/2023/university-of-nebraska-at-kearney/boxscore/5099
10202304,https://riderangersride.com/sports/womens-soccer/stats/2023/northeastern-state-university/boxscore/5100
10202305,https://riderangersride.com/sports/womens-soccer/stats/2023/new-mexico-highlands-university/boxscore/5101
10202306,https://riderangersride.com/sports/womens-soccer/stats/2023/colorado-state-university-pueblo/boxscore/5102
10202307,https://riderangersride.com/sports/womens-soccer/stats/2023/southwestern-oklahoma-state-university/boxscore/5103
10202308,https://riderangersride.com/sports/womens-soccer/stats/2023/southern-nazarene-university/boxscore/5104
10202309,https://riderangersride.com/sports/womens-soccer/stats/2023/ouachita-baptist-university/boxscore/5105
10202310,https://riderangersride.com/sports/womens-soccer/stats/2023/harding-university/boxscore/5106
10202311,https://riderangersride.com/sports/womens-soccer/stats/2023/east-central-university/boxscore/5107
10202312,https://riderangersride.com/sports/womens-soccer/stats/2023/southwestern-oklahoma-state-university/boxscore/5108
10202313,https://riderangersride.com/sports/womens-soccer/stats/2023/oklahoma-baptist-university/boxscore/5109
10202314,https://riderangersride.com/sports/womens-soccer/stats/2023/ouachita-baptist-university/boxscore/5110
10202315,https://riderangersride.com/sports/womens-soccer/stats/2023/harding-university/boxscore/5111
10202316,https://riderangersride.com/sports/womens-soccer/stats/2023/east-central-university/boxscore/5112
10202317,https://riderangersride.com/sports/womens-soccer/stats/2023/southern-nazarene-university/boxscore/5113
10202318,https://riderangersride.com/sports/womens-soccer/stats/2023/oklahoma-baptist-university/boxscore/5114
10202401,https://riderangersride.com/sports/womens-soccer/stats/2024/wayne-state-college/boxscore/5464
10202402,https://riderangersride.com/sports/womens-soccer/stats/2024/pittsburg-state-university/boxscore/5465
10202403,https://riderangersride.com/sports/womens-soccer/stats/2024/southwestern-college-kan-/boxscore/5466
10202404,https://riderangersride.com/sports/womens-soccer/stats/2024/northeastern-state-university/boxscore/5467
10202405,https://riderangersride.com/sports/womens-soccer/stats/2024/newman-university/boxscore/5468
10202406,https://riderangersride.com/sports/womens-soccer/stats/2024/fort-hays-state-university/boxscore/5469
10202407,https://riderangersride.com/sports/womens-soccer/stats/2024/southern-nazarene-university/boxscore/5470
10202408,https://riderangersride.com/sports/womens-soccer/stats/2024/oklahoma-baptist-university/boxscore/5471
10202409,https://riderangersride.com/sports/womens-soccer/stats/2024/ouachita-baptist-university/boxscore/5472
10202410,https://riderangersride.com/sports/womens-soccer/stats/2024/harding-university/boxscore/5473
10202411,https://riderangersride.com/sports/womens-soccer/stats/2024/east-central-university/boxscore/5474
10202412,https://riderangersride.com/sports/womens-soccer/stats/2024/southwestern-oklahoma-state-university/boxscore/5475
10202413,https://riderangersride.com/sports/womens-soccer/stats/2024/oklahoma-baptist-university/boxscore/5476
10202414,https://riderangersride.com/sports/womens-soccer/stats/2024/east-central-university/boxscore/5477
10202415,https://riderangersride.com/sports/womens-soccer/stats/2024/harding-university/boxscore/5478
10202416,https://riderangersride.com/sports/womens-soccer/stats/2024/southwestern-oklahoma-state-university/boxscore/5480
10202417,https://riderangersride.com/sports/womens-soccer/stats/2024/southern-nazarene-university/boxscore/5481
10202418,https://riderangersride.com/sports/womens-soccer/stats/2024/ouachita-baptist-university/boxscore/5601
10202501,https://riderangersride.com/sports/womens-soccer/stats/2025/eastern-new-mexico-university/boxscore/5815
10202502,https://riderangersride.com/sports/womens-soccer/stats/2025/fort-hays-state-university/boxscore/5816
10202503,https://riderangersride.com/sports/womens-soccer/stats/2025/university-of-sioux-fallss-d-/boxscore/5817
10202504,https://riderangersride.com/sports/womens-soccer/stats/2025/black-hills-state-universitys-d-/boxscore/5818
10202505,https://riderangersride.com/sports/womens-soccer/stats/2025/newman-university/boxscore/5819
10202506,https://riderangersride.com/sports/womens-soccer/stats/2025/new-mexico-highlands-university/boxscore/5820
10202507,https://riderangersride.com/sports/womens-soccer/stats/2025/oklahoma-baptist-university/boxscore/5821
10202508,https://riderangersride.com/sports/womens-soccer/stats/2025/southern-nazarene-university/boxscore/5822
10202509,https://riderangersride.com/sports/womens-soccer/stats/2025/east-central-university/boxscore/5823
10202510,https://riderangersride.com/sports/womens-soccer/stats/2025/harding-university/boxscore/5824
10202511,https://riderangersride.com/sports/womens-soccer/stats/2025/ouachita-baptist-university/boxscore/5825
10202512,https://riderangersride.com/sports/womens-soccer/stats/2025/southwestern-oklahoma-state-university/boxscore/5826
10202513,https://riderangersride.com/sports/womens-soccer/stats/2025/oklahoma-baptist-university/boxscore/5827
10202514,https://riderangersride.com/sports/womens-soccer/stats/2025/east-central-university/boxscore/5828
10202515,https://riderangersride.com/sports/womens-soccer/stats/2025/ouachita-baptist-university/boxscore/5829
10202516,https://riderangersride.com/sports/womens-soccer/stats/2025/harding-university/boxscore/5830
10202517,https://riderangersride.com/sports/womens-soccer/stats/2025/southwestern-oklahoma-state-university/boxscore/5831
10202518,https://riderangersride.com/sports/womens-soccer/stats/2025/southern-nazarene-university/boxscore/5832
10202519,https://riderangersride.com/sports/womens-soccer/stats/2025/harding-university/boxscore/6000
11201601,https://obubison.com/sports/womens-soccer/stats/2016/university-of-central-oklahoma/boxscore/4348
11201602,https://obubison.com/sports/womens-soccer/stats/2016/university-of-science-and-arts-okla-/boxscore/4556
11201603,https://obubison.com/sports/womens-soccer/stats/2016/texas-womans-university/boxscore/4349
11201604,https://obubison.com/sports/womens-soccer/stats/2016/hendrix-college/boxscore/4350
11201605,https://obubison.com/sports/womens-soccer/stats/2016/harding-university/boxscore/4351
11201606,https://obubison.com/sports/womens-soccer/stats/2016/ouachita-baptist-university/boxscore/4352
11201607,https://obubison.com/sports/womens-soccer/stats/2016/southern-nazarene-university/boxscore/4353
11201608,https://obubison.com/sports/womens-soccer/stats/2016/east-central-university/boxscore/4354
11201609,https://obubison.com/sports/womens-soccer/stats/2016/northwestern-oklahoma-state-university/boxscore/4355
11201610,https://obubison.com/sports/womens-soccer/stats/2016/southwestern-oklahoma-state-university/boxscore/4356
11201611,https://obubison.com/sports/womens-soccer/stats/2016/ouachita-baptist-university/boxscore/4357
11201612,https://obubison.com/sports/womens-soccer/stats/2016/harding-university/boxscore/4358
11201613,https://obubison.com/sports/womens-soccer/stats/2016/southern-nazarene-university/boxscore/4359
11201614,https://obubison.com/sports/womens-soccer/stats/2016/east-central-university/boxscore/4360
11201615,https://obubison.com/sports/womens-soccer/stats/2016/southwestern-oklahoma-state-university/boxscore/4361
11201616,https://obubison.com/sports/womens-soccer/stats/2016/northwestern-oklahoma-state-university/boxscore/4362
11201617,https://obubison.com/sports/womens-soccer/stats/2016/central-christian-college-kan-/boxscore/4363
11201618,https://obubison.com/sports/womens-soccer/stats/2016/colorado-christian-university/boxscore/4769
11201619,https://obubison.com/sports/womens-soccer/stats/2016/cincinnati-christian-university/boxscore/4782
11201620,https://obubison.com/sports/womens-soccer/stats/2016/trinity-christian-college-ill-/boxscore/4783
11201621,https://obubison.com/sports/womens-soccer/stats/2016/campbellsville-university-ky-/boxscore/4784
11201622,https://obubison.com/sports/womens-soccer/stats/2016/colorado-christian-university/boxscore/4785
11201701,https://obubison.com/sports/womens-soccer/stats/2017/newman-university/boxscore/5909
11201702,https://obubison.com/sports/womens-soccer/stats/2017/central-christian-college-kan-/boxscore/5910
11201703,https://obubison.com/sports/womens-soccer/stats/2017/university-of-science-and-arts-okla-/boxscore/5911
11201704,https://obubison.com/sports/womens-soccer/stats/2017/midwestern-state-university/boxscore/5912
11201705,https://obubison.com/sports/womens-soccer/stats/2017/texas-womans-university/boxscore/5913
11201706,https://obubison.com/sports/womens-soccer/stats/2017/ouachita-baptist-university/boxscore/5914
11201707,https://obubison.com/sports/womens-soccer/stats/2017/harding-university/boxscore/5915
11201708,https://obubison.com/sports/womens-soccer/stats/2017/southern-nazarene-university/boxscore/5916
11201709,https://obubison.com/sports/womens-soccer/stats/2017/east-central-university/boxscore/5917
11201710,https://obubison.com/sports/womens-soccer/stats/2017/southwestern-oklahoma-state-university/boxscore/5918
11201711,https://obubison.com/sports/womens-soccer/stats/2017/northwestern-oklahoma-state-university/boxscore/5919
11201712,https://obubison.com/sports/womens-soccer/stats/2017/west-texas-am-university/boxscore/5920
11201713,https://obubison.com/sports/womens-soccer/stats/2017/harding-university/boxscore/5928
11201714,https://obubison.com/sports/womens-soccer/stats/2017/ouachita-baptist-university/boxscore/5922
11201715,https://obubison.com/sports/womens-soccer/stats/2017/southern-nazarene-university/boxscore/5923
11201716,https://obubison.com/sports/womens-soccer/stats/2017/east-central-university/boxscore/5924
11201717,https://obubison.com/sports/womens-soccer/stats/2017/northwestern-oklahoma-state-university/boxscore/5925
11201718,https://obubison.com/sports/womens-soccer/stats/2017/southwestern-oklahoma-state-university/boxscore/5926
11201719,https://obubison.com/sports/womens-soccer/stats/2017/-4-east-central-university/boxscore/5927
11201720,https://obubison.com/sports/womens-soccer/stats/2017/-2-southwestern-oklahoma-state-university/boxscore/6304
11201801,https://obubison.com/sports/womens-soccer/stats/2018/bemidji-state-university/boxscore/6551
11201802,https://obubison.com/sports/womens-soccer/stats/2018/minot-state-university/boxscore/6552
11201803,https://obubison.com/sports/womens-soccer/stats/2018/washburn-university/boxscore/6553
11201804,https://obubison.com/sports/womens-soccer/stats/2018/west-texas-am-university/boxscore/6554
11201805,https://obubison.com/sports/womens-soccer/stats/2018/midwestern-state-university-texas/boxscore/6555
11201806,https://obubison.com/sports/womens-soccer/stats/2018/texas-womans-university/boxscore/6556
11201807,https://obubison.com/sports/womens-soccer/stats/2018/harding-university/boxscore/6557
11201808,https://obubison.com/sports/womens-soccer/stats/2018/ouachita-baptist-university/boxscore/6558
11201809,https://obubison.com/sports/womens-soccer/stats/2018/southern-nazarene-university/boxscore/6559
11201810,https://obubison.com/sports/womens-soccer/stats/2018/east-central-university/boxscore/6560
11201811,https://obubison.com/sports/womens-soccer/stats/2018/northwestern-oklahoma-state-university/boxscore/6561
11201812,https://obubison.com/sports/womens-soccer/stats/2018/southwestern-oklahoma-state-university/boxscore/6562
11201813,https://obubison.com/sports/womens-soccer/stats/2018/ouachita-baptist-university/boxscore/6563
11201814,https://obubison.com/sports/womens-soccer/stats/2018/harding-university/boxscore/6564
11201815,https://obubison.com/sports/womens-soccer/stats/2018/southern-nazarene-university/boxscore/6565
11201816,https://obubison.com/sports/womens-soccer/stats/2018/east-central-university/boxscore/6566
11201817,https://obubison.com/sports/womens-soccer/stats/2018/southwestern-oklahoma-state-university/boxscore/6567
11201818,https://obubison.com/sports/womens-soccer/stats/2018/northwestern-oklahoma-state-university/boxscore/6568
11201819,https://obubison.com/sports/womens-soccer/stats/2018/-4-ouachita-baptist-university/boxscore/6569
11201820,https://obubison.com/sports/womens-soccer/stats/2018/-2-southwestern-oklahoma-state-university/boxscore/6759
11201821,https://obubison.com/sports/womens-soccer/stats/2018/-1-university-of-central-oklahoma/boxscore/6760
11201901,https://obubison.com/sports/womens-soccer/stats/2019/washburn/boxscore/6922
11201902,https://obubison.com/sports/womens-soccer/stats/2019/-17-dallas-baptist/boxscore/6923
11201903,https://obubison.com/sports/womens-soccer/stats/2019/midwestern-state/boxscore/6924
11201904,https://obubison.com/sports/womens-soccer/stats/2019/texas-woman-s/boxscore/6925
11201905,https://obubison.com/sports/womens-soccer/stats/2019/university-of-tulsa/boxscore/7281
11201906,https://obubison.com/sports/womens-soccer/stats/2019/west-texas-am/boxscore/6926
11201907,https://obubison.com/sports/womens-soccer/stats/2019/southern-nazarene/boxscore/6935
11201908,https://obubison.com/sports/womens-soccer/stats/2019/ouachita-baptist/boxscore/6927
11201909,https://obubison.com/sports/womens-soccer/stats/2019/harding/boxscore/6928
11201910,https://obubison.com/sports/womens-soccer/stats/2019/southern-nazarene/boxscore/6929
11201911,https://obubison.com/sports/womens-soccer/stats/2019/east-central/boxscore/6930
11201912,https://obubison.com/sports/womens-soccer/stats/2019/southwestern-oklahoma-state/boxscore/6931
11201913,https://obubison.com/sports/womens-soccer/stats/2019/northwestern-oklahoma-state/boxscore/6932
11201914,https://obubison.com/sports/womens-soccer/stats/2019/harding-university/boxscore/6933
11201915,https://obubison.com/sports/womens-soccer/stats/2019/ouachita-baptist/boxscore/6934
11201916,https://obubison.com/sports/womens-soccer/stats/2019/east-central/boxscore/6936
11201917,https://obubison.com/sports/womens-soccer/stats/2019/northwestern-oklahoma-state/boxscore/6937
11201918,https://obubison.com/sports/womens-soccer/stats/2019/southwestern-oklahoma-state/boxscore/6938
11201919,https://obubison.com/sports/womens-soccer/stats/2019/-2-ouachita-baptist-university/boxscore/6939
11201920,https://obubison.com/sports/womens-soccer/stats/2019/-1-southwestern-oklahoma-state-university/boxscore/7425
11202001,https://obubison.com/sports/womens-soccer/stats/2020/oklahoma-christian/boxscore/7889
11202002,https://obubison.com/sports/womens-soccer/stats/2020/oklahoma-wesleyan/boxscore/7890
11202003,https://obubison.com/sports/womens-soccer/stats/2020/southern-nazarene/boxscore/7577
11202004,https://obubison.com/sports/womens-soccer/stats/2020/east-central/boxscore/7581
11202005,https://obubison.com/sports/womens-soccer/stats/2020/dallas-baptist/boxscore/7893
11202006,https://obubison.com/sports/womens-soccer/stats/2020/northwestern-oklahoma-state/boxscore/7584
11202007,https://obubison.com/sports/womens-soccer/stats/2020/southwestern-oklahoma-state/boxscore/7582
11202008,https://obubison.com/sports/womens-soccer/stats/2020/ouachita/boxscore/7579
11202009,https://obubison.com/sports/womens-soccer/stats/2020/harding/boxscore/7580
11202010,https://obubison.com/sports/womens-soccer/stats/2020/east-central/boxscore/7894
11202011,https://obubison.com/sports/womens-soccer/stats/2020/ouachita/boxscore/8962
11202101,https://obubison.com/sports/womens-soccer/stats/2021/central-missouri/boxscore/9992
11202102,https://obubison.com/sports/womens-soccer/stats/2021/dallas-baptist/boxscore/9993
11202103,https://obubison.com/sports/womens-soccer/stats/2021/west-texas-am/boxscore/9994
11202104,https://obubison.com/sports/womens-soccer/stats/2021/central-oklahoma/boxscore/9995
11202105,https://obubison.com/sports/womens-soccer/stats/2021/texas-am-commerce/boxscore/9996
11202106,https://obubison.com/sports/womens-soccer/stats/2021/east-central-university/boxscore/10161
11202107,https://obubison.com/sports/womens-soccer/stats/2021/harding/boxscore/9997
11202108,https://obubison.com/sports/womens-soccer/stats/2021/ouachita/boxscore/9998
11202109,https://obubison.com/sports/womens-soccer/stats/2021/southern-nazarene/boxscore/9999
11202110,https://obubison.com/sports/womens-soccer/stats/2021/east-central/boxscore/10000
11202111,https://obubison.com/sports/womens-soccer/stats/2021/northwestern-oklahoma-state/boxscore/10001
11202112,https://obubison.com/sports/womens-soccer/stats/2021/southwestern-oklahoma-state/boxscore/10002
11202113,https://obubison.com/sports/womens-soccer/stats/2021/harding/boxscore/10003
11202114,https://obubison.com/sports/womens-soccer/stats/2021/ouachita/boxscore/10004
11202115,https://obubison.com/sports/womens-soccer/stats/2021/southern-nazarene/boxscore/10005
11202116,https://obubison.com/sports/womens-soccer/stats/2021/southwestern-oklahoma-state/boxscore/10007
11202117,https://obubison.com/sports/womens-soccer/stats/2021/northwestern-oklahoma-state/boxscore/10008
11202118,https://obubison.com/sports/womens-soccer/stats/2021/northwestern-oklahoma-state-university/boxscore/10166
11202119,https://obubison.com/sports/womens-soccer/stats/2021/southwestern-oklahoma-state-university/boxscore/10171
11202120,https://obubison.com/sports/womens-soccer/stats/2021/minnesota-state-university-mankato/boxscore/10173
11202201,https://obubison.com/sports/womens-soccer/stats/2022/washburn-university/boxscore/10404
11202202,https://obubison.com/sports/womens-soccer/stats/2022/university-of-central-missouri/boxscore/10405
11202203,https://obubison.com/sports/womens-soccer/stats/2022/texas-womans-university/boxscore/10406
11202204,https://obubison.com/sports/womens-soccer/stats/2022/university-of-central-oklahoma/boxscore/10407
11202205,https://obubison.com/sports/womens-soccer/stats/2022/-14-west-texas-am-university/boxscore/10408
11202206,https://obubison.com/sports/womens-soccer/stats/2022/-1-dallas-baptist-university/boxscore/10427
11202207,https://obubison.com/sports/womens-soccer/stats/2022/ouachita-baptist-university/boxscore/10409
11202208,https://obubison.com/sports/womens-soccer/stats/2022/harding-university/boxscore/10410
11202209,https://obubison.com/sports/womens-soccer/stats/2022/southern-nazarene-university/boxscore/10411
11202210,https://obubison.com/sports/womens-soccer/stats/2022/east-central-university/boxscore/10412
11202211,https://obubison.com/sports/womens-soccer/stats/2022/southwestern-oklahoma-state-university/boxscore/10413
11202212,https://obubison.com/sports/womens-soccer/stats/2022/northwestern-oklahoma-state-university/boxscore/10414
11202213,https://obubison.com/sports/womens-soccer/stats/2022/harding-university/boxscore/10415
11202214,https://obubison.com/sports/womens-soccer/stats/2022/ouachita-baptist-university/boxscore/10416
11202215,https://obubison.com/sports/womens-soccer/stats/2022/southern-nazarene-university/boxscore/10417
11202216,https://obubison.com/sports/womens-soccer/stats/2022/east-central-university/boxscore/10418
11202217,https://obubison.com/sports/womens-soccer/stats/2022/northwestern-oklahoma-state-university/boxscore/10419
11202218,https://obubison.com/sports/womens-soccer/stats/2022/southwestern-oklahoma-state-university/boxscore/10420
11202219,https://obubison.com/sports/womens-soccer/stats/2022/ouachita-baptist-university/boxscore/10421
11202220,https://obubison.com/sports/womens-soccer/stats/2022/southwestern-oklahoma-state-university/boxscore/10622
11202301,https://obubison.com/sports/womens-soccer/stats/2023/-21-minnesota-state-mankato/boxscore/10770
11202302,https://obubison.com/sports/womens-soccer/stats/2023/-23-cedarville-university/boxscore/10771
11202303,https://obubison.com/sports/womens-soccer/stats/2023/texas-womans-university/boxscore/10755
11202304,https://obubison.com/sports/womens-soccer/stats/2023/university-of-central-oklahoma/boxscore/10756
11202305,https://obubison.com/sports/womens-soccer/stats/2023/midwestern-state-university-texas/boxscore/10757
11202306,https://obubison.com/sports/womens-soccer/stats/2023/-8-dallas-baptist-university/boxscore/10774
11202307,https://obubison.com/sports/womens-soccer/stats/2023/southern-nazarene-university/boxscore/10758
11202308,https://obubison.com/sports/womens-soccer/stats/2023/southwestern-oklahoma-state-university/boxscore/10759
11202309,https://obubison.com/sports/womens-soccer/stats/2023/east-central-university/boxscore/10760
11202310,https://obubison.com/sports/womens-soccer/stats/2023/ouachita-baptist-university/boxscore/10761
11202311,https://obubison.com/sports/womens-soccer/stats/2023/harding-university/boxscore/10762
11202312,https://obubison.com/sports/womens-soccer/stats/2023/southern-nazarene-university/boxscore/10763
11202313,https://obubison.com/sports/womens-soccer/stats/2023/northwestern-oklahoma-state-university/boxscore/10764
11202314,https://obubison.com/sports/womens-soccer/stats/2023/east-central-university/boxscore/10765
11202315,https://obubison.com/sports/womens-soccer/stats/2023/harding-university/boxscore/10766
11202316,https://obubison.com/sports/womens-soccer/stats/2023/ouachita-baptist-university/boxscore/10767
11202317,https://obubison.com/sports/womens-soccer/stats/2023/southwestern-oklahoma-state-university/boxscore/10768
11202318,https://obubison.com/sports/womens-soccer/stats/2023/northwestern-oklahoma-state-university/boxscore/10769
11202319,https://obubison.com/sports/womens-soccer/stats/2023/southwestern-oklahoma-state-university/boxscore/10920
11202320,https://obubison.com/sports/womens-soccer/stats/2023/ouachita-baptist-university/boxscore/10921
11202401,https://obubison.com/sports/womens-soccer/stats/2024/angelo-state-university/boxscore/11120
11202402,https://obubison.com/sports/womens-soccer/stats/2024/northeastern-state-university/boxscore/11122
11202403,https://obubison.com/sports/womens-soccer/stats/2024/midwestern-state-university-texas/boxscore/11123
11202404,https://obubison.com/sports/womens-soccer/stats/2024/rogers-state-university-okla-/boxscore/11124
11202405,https://obubison.com/sports/womens-soccer/stats/2024/-4-university-of-central-missouri/boxscore/11125
11202406,https://obubison.com/sports/womens-soccer/stats/2024/southwestern-oklahoma-state-university/boxscore/11126
11202407,https://obubison.com/sports/womens-soccer/stats/2024/northwestern-oklahoma-state-university/boxscore/11127
11202408,https://obubison.com/sports/womens-soccer/stats/2024/east-central-university/boxscore/11128
11202409,https://obubison.com/sports/womens-soccer/stats/2024/ouachita-baptist-university/boxscore/11129
11202410,https://obubison.com/sports/womens-soccer/stats/2024/harding-university/boxscore/11130
11202411,https://obubison.com/sports/womens-soccer/stats/2024/southern-nazarene-university/boxscore/11131
11202412,https://obubison.com/sports/womens-soccer/stats/2024/northwestern-oklahoma-state-university/boxscore/11132
11202413,https://obubison.com/sports/womens-soccer/stats/2024/ouachita-baptist-university/boxscore/11133
11202414,https://obubison.com/sports/womens-soccer/stats/2024/harding-university/boxscore/11134
11202415,https://obubison.com/sports/womens-soccer/stats/2024/east-central-university/boxscore/11135
11202416,https://obubison.com/sports/womens-soccer/stats/2024/southern-nazarene-university/boxscore/11136
11202417,https://obubison.com/sports/womens-soccer/stats/2024/southwestern-oklahoma-state-university/boxscore/11137
11202418,https://obubison.com/sports/womens-soccer/stats/2024/harding-university/boxscore/11324
11202419,https://obubison.com/sports/womens-soccer/stats/2024/ouachita-baptist-university/boxscore/11326
11202501,https://obubison.com/sports/womens-soccer/stats/2025/ut-dallas/boxscore/11488
11202502,https://obubison.com/sports/womens-soccer/stats/2025/-18-angelo-state-university/boxscore/11489
11202503,https://obubison.com/sports/womens-soccer/stats/2025/northeastern-state-university/boxscore/11490
11202504,https://obubison.com/sports/womens-soccer/stats/2025/texas-womans-university/boxscore/11491
11202505,https://obubison.com/sports/womens-soccer/stats/2025/missouri-southern/boxscore/11492
11202506,https://obubison.com/sports/womens-soccer/stats/2025/rogers-state-university-okla-/boxscore/11493
11202507,https://obubison.com/sports/womens-soccer/stats/2025/northwestern-oklahoma-state-university/boxscore/11494
11202508,https://obubison.com/sports/womens-soccer/stats/2025/southwestern-oklahoma-state-university/boxscore/11495
11202509,https://obubison.com/sports/womens-soccer/stats/2025/harding-university/boxscore/11496
11202510,https://obubison.com/sports/womens-soccer/stats/2025/ouachita-baptist-university/boxscore/11497
11202511,https://obubison.com/sports/womens-soccer/stats/2025/east-central-university/boxscore/11498
11202512,https://obubison.com/sports/womens-soccer/stats/2025/southern-nazarene-university/boxscore/11499
11202513,https://obubison.com/sports/womens-soccer/stats/2025/northwestern-oklahoma-state-university/boxscore/11500
11202514,https://obubison.com/sports/womens-soccer/stats/2025/harding-university/boxscore/11501
11202515,https://obubison.com/sports/womens-soccer/stats/2025/ouachita-baptist-university/boxscore/11502
11202516,https://obubison.com/sports/womens-soccer/stats/2025/east-central-university/boxscore/11503
11202517,https://obubison.com/sports/womens-soccer/stats/2025/southern-nazarene-university/boxscore/11504
11202518,https://obubison.com/sports/womens-soccer/stats/2025/southwestern-oklahoma-state-university/boxscore/11505
12201601,https://obutigers.com/sports/womens-soccer/stats/2016/emporia-state-university/boxscore/2486
12201602,https://obutigers.com/sports/womens-soccer/stats/2016/missouri-western-state-university/boxscore/2487
12201603,https://obutigers.com/sports/womens-soccer/stats/2016/missouri-southern-state-university/boxscore/2488
12201604,https://obutigers.com/sports/womens-soccer/stats/2016/northeastern-state-university/boxscore/2489
12201605,https://obutigers.com/sports/womens-soccer/stats/2016/john-brown-university/boxscore/2490
12201606,https://obutigers.com/sports/womens-soccer/stats/2016/southern-nazarene-university/boxscore/2491
12201607,https://obutigers.com/sports/womens-soccer/stats/2016/oklahoma-baptist-university/boxscore/2492
12201608,https://obutigers.com/sports/womens-soccer/stats/2016/southwestern-oklahoma-state-university/boxscore/2493
12201609,https://obutigers.com/sports/womens-soccer/stats/2016/northwestern-oklahoma-state-university/boxscore/2494
12201610,https://obutigers.com/sports/womens-soccer/stats/2016/harding-university/boxscore/2495
12201611,https://obutigers.com/sports/womens-soccer/stats/2016/east-central-university/boxscore/2496
12201612,https://obutigers.com/sports/womens-soccer/stats/2016/oklahoma-baptist-university/boxscore/2497
12201613,https://obutigers.com/sports/womens-soccer/stats/2016/southern-nazarene-university/boxscore/2498
12201614,https://obutigers.com/sports/womens-soccer/stats/2016/northwestern-oklahoma-state-university/boxscore/2499
12201615,https://obutigers.com/sports/womens-soccer/stats/2016/southwestern-oklahoma-state-university/boxscore/2500
12201616,https://obutigers.com/sports/womens-soccer/stats/2016/harding-university/boxscore/2501
12201617,https://obutigers.com/sports/womens-soccer/stats/2016/east-central-university/boxscore/2502
12201618,https://obutigers.com/sports/womens-soccer/stats/2016/harding-university/boxscore/2619
12201701,https://obutigers.com/sports/womens-soccer/stats/2017/missouri-western-state-university/boxscore/2866
12201702,https://obutigers.com/sports/womens-soccer/stats/2017/emporia-state-university/boxscore/2867
12201703,https://obutigers.com/sports/womens-soccer/stats/2017/missouri-southern-state-university/boxscore/2868
12201704,https://obutigers.com/sports/womens-soccer/stats/2017/northeastern-state-university/boxscore/2869
12201705,https://obutigers.com/sports/womens-soccer/stats/2017/john-brown-university-ark-/boxscore/2870
12201706,https://obutigers.com/sports/womens-soccer/stats/2017/oklahoma-baptist-university/boxscore/2871
12201707,https://obutigers.com/sports/womens-soccer/stats/2017/southern-nazarene-university/boxscore/2872
12201708,https://obutigers.com/sports/womens-soccer/stats/2017/northwestern-oklahoma-state-university/boxscore/2873
12201709,https://obutigers.com/sports/womens-soccer/stats/2017/southwestern-oklahoma-state-university/boxscore/2874
12201710,https://obutigers.com/sports/womens-soccer/stats/2017/harding-university/boxscore/2875
12201711,https://obutigers.com/sports/womens-soccer/stats/2017/east-central-university/boxscore/2876
12201712,https://obutigers.com/sports/womens-soccer/stats/2017/southern-nazarene-university/boxscore/2877
12201713,https://obutigers.com/sports/womens-soccer/stats/2017/oklahoma-baptist-university/boxscore/2878
12201714,https://obutigers.com/sports/womens-soccer/stats/2017/southwestern-oklahoma-state-university/boxscore/2879
12201715,https://obutigers.com/sports/womens-soccer/stats/2017/northwestern-oklahoma-state-university/boxscore/2880
12201716,https://obutigers.com/sports/womens-soccer/stats/2017/harding-university/boxscore/2881
12201717,https://obutigers.com/sports/womens-soccer/stats/2017/east-central-university/boxscore/2882
12201801,https://obutigers.com/sports/womens-soccer/stats/2018/missouri-western-state-university/boxscore/3262
12201802,https://obutigers.com/sports/womens-soccer/stats/2018/emporia-state-university/boxscore/3263
12201803,https://obutigers.com/sports/womens-soccer/stats/2018/northeastern-state-university/boxscore/3264
12201804,https://obutigers.com/sports/womens-soccer/stats/2018/texas-am-international-university/boxscore/3265
12201805,https://obutigers.com/sports/womens-soccer/stats/2018/texas-am-university-commerce/boxscore/3266
12201806,https://obutigers.com/sports/womens-soccer/stats/2018/southern-nazarene-university/boxscore/3267
12201807,https://obutigers.com/sports/womens-soccer/stats/2018/oklahoma-baptist-university/boxscore/3268
12201808,https://obutigers.com/sports/womens-soccer/stats/2018/southwestern-oklahoma-state-university/boxscore/3269
12201809,https://obutigers.com/sports/womens-soccer/stats/2018/northwestern-oklahoma-state-university/boxscore/3270
12201810,https://obutigers.com/sports/womens-soccer/stats/2018/harding-university/boxscore/3271
12201811,https://obutigers.com/sports/womens-soccer/stats/2018/east-central-university/boxscore/3272
12201812,https://obutigers.com/sports/womens-soccer/stats/2018/oklahoma-baptist-university/boxscore/3273
12201813,https://obutigers.com/sports/womens-soccer/stats/2018/southern-nazarene-university/boxscore/3274
12201814,https://obutigers.com/sports/womens-soccer/stats/2018/northwestern-oklahoma-state-university/boxscore/3275
12201815,https://obutigers.com/sports/womens-soccer/stats/2018/southwestern-oklahoma-state-university/boxscore/3276
12201816,https://obutigers.com/sports/womens-soccer/stats/2018/harding-university/boxscore/3277
12201817,https://obutigers.com/sports/womens-soccer/stats/2018/east-central-university/boxscore/3278
12201818,https://obutigers.com/sports/womens-soccer/stats/2018/oklahoma-baptist-university/boxscore/3452
12201901,https://obutigers.com/sports/womens-soccer/stats/2019/northeastern-state-university/boxscore/3625
12201902,https://obutigers.com/sports/womens-soccer/stats/2019/university-of-texas-at-tyler/boxscore/3626
12201903,https://obutigers.com/sports/womens-soccer/stats/2019/texas-am-university-commerce/boxscore/3627
12201904,https://obutigers.com/sports/womens-soccer/stats/2019/texas-am-international-university/boxscore/3628
12201905,https://obutigers.com/sports/womens-soccer/stats/2019/christian-brothers-university/boxscore/3630
12201906,https://obutigers.com/sports/womens-soccer/stats/2019/harding-university/boxscore/3631
12201907,https://obutigers.com/sports/womens-soccer/stats/2019/oklahoma-baptist-university/boxscore/3632
12201908,https://obutigers.com/sports/womens-soccer/stats/2019/southern-nazarene-university/boxscore/3633
12201909,https://obutigers.com/sports/womens-soccer/stats/2019/northwestern-oklahoma-state-university/boxscore/3634
12201910,https://obutigers.com/sports/womens-soccer/stats/2019/southwestern-oklahoma-state-university/boxscore/3635
12201911,https://obutigers.com/sports/womens-soccer/stats/2019/east-central-university/boxscore/3636
12201912,https://obutigers.com/sports/womens-soccer/stats/2019/southern-nazarene-university/boxscore/3637
12201913,https://obutigers.com/sports/womens-soccer/stats/2019/oklahoma-baptist-university/boxscore/3638
12201914,https://obutigers.com/sports/womens-soccer/stats/2019/southwestern-oklahoma-state-university/boxscore/3639
12201915,https://obutigers.com/sports/womens-soccer/stats/2019/northwestern-oklahoma-state-university/boxscore/3640
12201916,https://obutigers.com/sports/womens-soccer/stats/2019/harding-university/boxscore/3641
12201917,https://obutigers.com/sports/womens-soccer/stats/2019/east-central-university/boxscore/3642
12201918,https://obutigers.com/sports/womens-soccer/stats/2019/oklahoma-baptist-university/boxscore/3643
12202001,https://obutigers.com/sports/womens-soccer/stats/2020/ozarks/boxscore/4230
12202002,https://obutigers.com/sports/womens-soccer/stats/2020/texas-am-texarkana/boxscore/4231
12202003,https://obutigers.com/sports/womens-soccer/stats/2020/delta-state/boxscore/4232
12202004,https://obutigers.com/sports/womens-soccer/stats/2020/southern-nazarene/boxscore/4091
12202005,https://obutigers.com/sports/womens-soccer/stats/2020/southwestern-oklahoma-state/boxscore/4093
12202006,https://obutigers.com/sports/womens-soccer/stats/2020/east-central/boxscore/4094
12202007,https://obutigers.com/sports/womens-soccer/stats/2020/harding/boxscore/4234
12202008,https://obutigers.com/sports/womens-soccer/stats/2020/northwestern-oklahoma-state/boxscore/4095
12202009,https://obutigers.com/sports/womens-soccer/stats/2020/oklahoma-baptist/boxscore/4096
12202010,https://obutigers.com/sports/womens-soccer/stats/2020/northwestern-oklahoma-state/boxscore/4097
12202011,https://obutigers.com/sports/womens-soccer/stats/2020/southern-nazarene/boxscore/4098
12202012,https://obutigers.com/sports/womens-soccer/stats/2020/oklahoma-baptist/boxscore/4099
12202101,https://obutigers.com/sports/womens-soccer/stats/2021/texas-woman-s/boxscore/4318
12202102,https://obutigers.com/sports/womens-soccer/stats/2021/northeastern-state/boxscore/4319
12202103,https://obutigers.com/sports/womens-soccer/stats/2021/union/boxscore/4320
12202104,https://obutigers.com/sports/womens-soccer/stats/2021/christian-brothers/boxscore/4321
12202105,https://obutigers.com/sports/womens-soccer/stats/2021/ut-tyler/boxscore/4322
12202106,https://obutigers.com/sports/womens-soccer/stats/2021/harding/boxscore/4323
12202107,https://obutigers.com/sports/womens-soccer/stats/2021/southern-nazarene/boxscore/4324
12202108,https://obutigers.com/sports/womens-soccer/stats/2021/oklahoma-baptist/boxscore/4325
12202109,https://obutigers.com/sports/womens-soccer/stats/2021/southwestern-oklahoma-state/boxscore/4326
12202110,https://obutigers.com/sports/womens-soccer/stats/2021/northwestern-oklahoma-state/boxscore/4327
12202111,https://obutigers.com/sports/womens-soccer/stats/2021/east-central/boxscore/4328
12202112,https://obutigers.com/sports/womens-soccer/stats/2021/southern-nazarene/boxscore/4329
12202113,https://obutigers.com/sports/womens-soccer/stats/2021/oklahoma-baptist/boxscore/4330
12202114,https://obutigers.com/sports/womens-soccer/stats/2021/southwestern-oklahoma-state/boxscore/4331
12202115,https://obutigers.com/sports/womens-soccer/stats/2021/northwestern-oklahoma-state/boxscore/4332
12202116,https://obutigers.com/sports/womens-soccer/stats/2021/harding/boxscore/4333
12202117,https://obutigers.com/sports/womens-soccer/stats/2021/east-central/boxscore/4334
12202118,https://obutigers.com/sports/womens-soccer/stats/2021/southwestern-oklahoma-state/boxscore/4615
12202201,https://obutigers.com/sports/womens-soccer/stats/2022/northeastern-state/boxscore/4804
12202202,https://obutigers.com/sports/womens-soccer/stats/2022/southwest-baptist/boxscore/4805
12202203,https://obutigers.com/sports/womens-soccer/stats/2022/union/boxscore/4806
12202204,https://obutigers.com/sports/womens-soccer/stats/2022/christian-brothers/boxscore/4807
12202205,https://obutigers.com/sports/womens-soccer/stats/2022/ut-tyler/boxscore/4808
12202206,https://obutigers.com/sports/womens-soccer/stats/2022/texas-woman-s/boxscore/4809
12202207,https://obutigers.com/sports/womens-soccer/stats/2022/harding/boxscore/4810
12202208,https://obutigers.com/sports/womens-soccer/stats/2022/oklahoma-baptist/boxscore/4811
12202209,https://obutigers.com/sports/womens-soccer/stats/2022/southern-nazarene/boxscore/4812
12202210,https://obutigers.com/sports/womens-soccer/stats/2022/northwestern-oklahoma-state/boxscore/4813
12202211,https://obutigers.com/sports/womens-soccer/stats/2022/southwestern-oklahoma-state/boxscore/4814
12202212,https://obutigers.com/sports/womens-soccer/stats/2022/east-central/boxscore/4815
12202213,https://obutigers.com/sports/womens-soccer/stats/2022/southern-nazarene/boxscore/4816
12202214,https://obutigers.com/sports/womens-soccer/stats/2022/oklahoma-baptist/boxscore/4817
12202215,https://obutigers.com/sports/womens-soccer/stats/2022/southwestern-oklahoma-state/boxscore/4818
12202216,https://obutigers.com/sports/womens-soccer/stats/2022/northwestern-oklahoma-state/boxscore/4819
12202217,https://obutigers.com/sports/womens-soccer/stats/2022/harding/boxscore/4820
12202218,https://obutigers.com/sports/womens-soccer/stats/2022/east-central/boxscore/4821
12202219,https://obutigers.com/sports/womens-soccer/stats/2022/oklahoma-baptist/boxscore/4822
12202301,https://obutigers.com/sports/womens-soccer/stats/2023/northeastern-state/boxscore/5296
12202302,https://obutigers.com/sports/womens-soccer/stats/2023/southwest-baptist/boxscore/5314
12202303,https://obutigers.com/sports/womens-soccer/stats/2023/union/boxscore/5298
12202304,https://obutigers.com/sports/womens-soccer/stats/2023/christian-brothers/boxscore/5299
12202305,https://obutigers.com/sports/womens-soccer/stats/2023/ut-tyler/boxscore/5300
12202306,https://obutigers.com/sports/womens-soccer/stats/2023/texas-woman-s/boxscore/5301
12202307,https://obutigers.com/sports/womens-soccer/stats/2023/harding/boxscore/5302
12202308,https://obutigers.com/sports/womens-soccer/stats/2023/northwestern-oklahoma-state/boxscore/5303
12202309,https://obutigers.com/sports/womens-soccer/stats/2023/southwestern-oklahoma-state/boxscore/5304
12202310,https://obutigers.com/sports/womens-soccer/stats/2023/oklahoma-baptist/boxscore/5305
12202311,https://obutigers.com/sports/womens-soccer/stats/2023/southern-nazarene/boxscore/5306
12202312,https://obutigers.com/sports/womens-soccer/stats/2023/harding/boxscore/5307
12202313,https://obutigers.com/sports/womens-soccer/stats/2023/east-central/boxscore/5308
12202314,https://obutigers.com/sports/womens-soccer/stats/2023/northwestern-oklahoma-state/boxscore/5309
12202315,https://obutigers.com/sports/womens-soccer/stats/2023/southwestern-oklahoma-state/boxscore/5310
12202316,https://obutigers.com/sports/womens-soccer/stats/2023/southern-nazarene/boxscore/5311
12202317,https://obutigers.com/sports/womens-soccer/stats/2023/oklahoma-baptist/boxscore/5312
12202318,https://obutigers.com/sports/womens-soccer/stats/2023/east-central/boxscore/5313
12202319,https://obutigers.com/sports/womens-soccer/stats/2023/southern-nazarene/boxscore/5315
12202320,https://obutigers.com/sports/womens-soccer/stats/2023/oklahoma-baptist/boxscore/5467
12202321,https://obutigers.com/sports/womens-soccer/stats/2023/washburn/boxscore/5316
12202401,https://obutigers.com/sports/womens-soccer/stats/2024/northeastern-state/boxscore/5677
12202402,https://obutigers.com/sports/womens-soccer/stats/2024/rogers-state/boxscore/5678
12202403,https://obutigers.com/sports/womens-soccer/stats/2024/christian-brothers/boxscore/5679
12202404,https://obutigers.com/sports/womens-soccer/stats/2024/ut-tyler/boxscore/5680
12202405,https://obutigers.com/sports/womens-soccer/stats/2024/texas-woman-s/boxscore/5681
12202406,https://obutigers.com/sports/womens-soccer/stats/2024/east-central/boxscore/5682
12202407,https://obutigers.com/sports/womens-soccer/stats/2024/northwestern-oklahoma-state/boxscore/5683
12202408,https://obutigers.com/sports/womens-soccer/stats/2024/southwestern-oklahoma-state/boxscore/5684
12202409,https://obutigers.com/sports/womens-soccer/stats/2024/oklahoma-baptist/boxscore/5685
12202410,https://obutigers.com/sports/womens-soccer/stats/2024/southern-nazarene/boxscore/5686
12202411,https://obutigers.com/sports/womens-soccer/stats/2024/harding/boxscore/5687
12202412,https://obutigers.com/sports/womens-soccer/stats/2024/east-central/boxscore/5688
12202413,https://obutigers.com/sports/womens-soccer/stats/2024/oklahoma-baptist/boxscore/5689
12202414,https://obutigers.com/sports/womens-soccer/stats/2024/southern-nazarene/boxscore/5690
12202415,https://obutigers.com/sports/womens-soccer/stats/2024/southwestern-oklahoma-state/boxscore/5691
12202416,https://obutigers.com/sports/womens-soccer/stats/2024/harding/boxscore/5693
12202417,https://obutigers.com/sports/womens-soccer/stats/2024/northwestern-oklahoma-state/boxscore/5912
12202418,https://obutigers.com/sports/womens-soccer/stats/2024/southern-nazarene/boxscore/5913
12202419,https://obutigers.com/sports/womens-soccer/stats/2024/oklahoma-baptist/boxscore/5914
12202420,https://obutigers.com/sports/womens-soccer/stats/2024/central-missouri/boxscore/5695
12202501,https://obutigers.com/sports/womens-soccer/stats/2025/northeastern-state/boxscore/6095
12202502,https://obutigers.com/sports/womens-soccer/stats/2025/midwestern-state/boxscore/6096
12202503,https://obutigers.com/sports/womens-soccer/stats/2025/rogers-state/boxscore/6097
12202504,https://obutigers.com/sports/womens-soccer/stats/2025/christian-brothers/boxscore/6098
12202505,https://obutigers.com/sports/womens-soccer/stats/2025/central-missouri/boxscore/6099
12202506,https://obutigers.com/sports/womens-soccer/stats/2025/washburn/boxscore/6100
12202507,https://obutigers.com/sports/womens-soccer/stats/2025/east-central/boxscore/6101
12202508,https://obutigers.com/sports/womens-soccer/stats/2025/southern-nazarene/boxscore/6102
12202509,https://obutigers.com/sports/womens-soccer/stats/2025/oklahoma-baptist/boxscore/6103
12202510,https://obutigers.com/sports/womens-soccer/stats/2025/southwestern-oklahoma-state/boxscore/6104
12202511,https://obutigers.com/sports/womens-soccer/stats/2025/northwestern-oklahoma-state/boxscore/6105
12202512,https://obutigers.com/sports/womens-soccer/stats/2025/east-central/boxscore/6106
12202513,https://obutigers.com/sports/womens-soccer/stats/2025/harding/boxscore/6107
12202514,https://obutigers.com/sports/womens-soccer/stats/2025/southern-nazarene/boxscore/6108
12202515,https://obutigers.com/sports/womens-soccer/stats/2025/oklahoma-baptist/boxscore/6109
12202516,https://obutigers.com/sports/womens-soccer/stats/2025/northwestern-oklahoma-state/boxscore/6110
12202517,https://obutigers.com/sports/womens-soccer/stats/2025/southwestern-oklahoma-state/boxscore/6111
12202518,https://obutigers.com/sports/womens-soccer/stats/2025/harding/boxscore/6112
12202519,https://obutigers.com/sports/womens-soccer/stats/2025/southwestern-oklahoma-state/boxscore/6380
12202520,https://obutigers.com/sports/womens-soccer/stats/2025/harding/boxscore/6381
13201601,https://snuathletics.com/sports/womens-soccer/stats/2016/central-oklahoma/boxscore/2851
13201602,https://snuathletics.com/sports/womens-soccer/stats/2016/cal-state-san-marcos/boxscore/2852
13201603,https://snuathletics.com/sports/womens-soccer/stats/2016/point-loma-nazarene/boxscore/2853
13201604,https://snuathletics.com/sports/womens-soccer/stats/2016/oklahoma-christian/boxscore/2854
13201605,https://snuathletics.com/sports/womens-soccer/stats/2016/midwestern-state/boxscore/2855
13201606,https://snuathletics.com/sports/womens-soccer/stats/2016/west-texas-am/boxscore/2856
13201607,https://snuathletics.com/sports/womens-soccer/stats/2016/ouachita/boxscore/2857
13201608,https://snuathletics.com/sports/womens-soccer/stats/2016/harding/boxscore/2858
13201609,https://snuathletics.com/sports/womens-soccer/stats/2016/oklahoma-baptist/boxscore/2859
13201610,https://snuathletics.com/sports/womens-soccer/stats/2016/east-central/boxscore/2860
13201611,https://snuathletics.com/sports/womens-soccer/stats/2016/southwestern-oklahoma-state/boxscore/2861
13201612,https://snuathletics.com/sports/womens-soccer/stats/2016/northwestern-oklahoma-state/boxscore/2862
13201613,https://snuathletics.com/sports/womens-soccer/stats/2016/harding/boxscore/2863
13201614,https://snuathletics.com/sports/womens-soccer/stats/2016/ouachita/boxscore/2864
13201615,https://snuathletics.com/sports/womens-soccer/stats/2016/oklahoma-baptist/boxscore/2865
13201616,https://snuathletics.com/sports/womens-soccer/stats/2016/east-central/boxscore/2866
13201617,https://snuathletics.com/sports/womens-soccer/stats/2016/northwestern-oklahoma-state/boxscore/2867
13201618,https://snuathletics.com/sports/womens-soccer/stats/2016/southwestern-oklahoma-state/boxscore/2868
13201619,https://snuathletics.com/sports/womens-soccer/stats/2016/southwestern-oklahoma-state/boxscore/2869
13201701,https://snuathletics.com/sports/womens-soccer/stats/2017/northeastern-state/boxscore/3392
13201702,https://snuathletics.com/sports/womens-soccer/stats/2017/oklahoma-christian/boxscore/3393
13201703,https://snuathletics.com/sports/womens-soccer/stats/2017/new-mexico-highlands/boxscore/3394
13201704,https://snuathletics.com/sports/womens-soccer/stats/2017/lubbock-christian/boxscore/3395
13201705,https://snuathletics.com/sports/womens-soccer/stats/2017/texas-woman-s/boxscore/3396
13201706,https://snuathletics.com/sports/womens-soccer/stats/2017/eastern-new-mexico/boxscore/3397
13201707,https://snuathletics.com/sports/womens-soccer/stats/2017/harding/boxscore/3398
13201708,https://snuathletics.com/sports/womens-soccer/stats/2017/ouachita-baptist/boxscore/3399
13201709,https://snuathletics.com/sports/womens-soccer/stats/2017/oklahoma-baptist/boxscore/3400
13201710,https://snuathletics.com/sports/womens-soccer/stats/2017/northwestern-oklahoma-state/boxscore/3402
13201711,https://snuathletics.com/sports/womens-soccer/stats/2017/southwestern-oklahoma-state/boxscore/3403
13201712,https://snuathletics.com/sports/womens-soccer/stats/2017/ouachita-baptist/boxscore/3404
13201713,https://snuathletics.com/sports/womens-soccer/stats/2017/harding/boxscore/3405
13201714,https://snuathletics.com/sports/womens-soccer/stats/2017/oklahoma-baptist/boxscore/3406
13201715,https://snuathletics.com/sports/womens-soccer/stats/2017/east-central/boxscore/3407
13201716,https://snuathletics.com/sports/womens-soccer/stats/2017/southwestern-oklahoma-state/boxscore/3408
13201717,https://snuathletics.com/sports/womens-soccer/stats/2017/northwestern-oklahoma-state/boxscore/3409
13201801,https://snuathletics.com/sports/womens-soccer/stats/2018/northeastern-state/boxscore/3772
13201802,https://snuathletics.com/sports/womens-soccer/stats/2018/oklahoma-christian/boxscore/3773
13201803,https://snuathletics.com/sports/womens-soccer/stats/2018/texas-woman-s/boxscore/3774
13201804,https://snuathletics.com/sports/womens-soccer/stats/2018/newman/boxscore/3775
13201805,https://snuathletics.com/sports/womens-soccer/stats/2018/west-texas-am/boxscore/3776
13201806,https://snuathletics.com/sports/womens-soccer/stats/2018/eastern-new-mexico/boxscore/3777
13201807,https://snuathletics.com/sports/womens-soccer/stats/2018/ouachita-baptist/boxscore/3778
13201808,https://snuathletics.com/sports/womens-soccer/stats/2018/harding/boxscore/3779
13201809,https://snuathletics.com/sports/womens-soccer/stats/2018/oklahoma-baptist/boxscore/3780
13201810,https://snuathletics.com/sports/womens-soccer/stats/2018/east-central/boxscore/3781
13201811,https://snuathletics.com/sports/womens-soccer/stats/2018/southwestern-oklahoma-state/boxscore/3782
13201812,https://snuathletics.com/sports/womens-soccer/stats/2018/northwestern-oklahoma-state/boxscore/3783
13201813,https://snuathletics.com/sports/womens-soccer/stats/2018/harding/boxscore/3784
13201814,https://snuathletics.com/sports/womens-soccer/stats/2018/ouachita-baptist/boxscore/3785
13201815,https://snuathletics.com/sports/womens-soccer/stats/2018/oklahoma-baptist/boxscore/3786
13201816,https://snuathletics.com/sports/womens-soccer/stats/2018/east-central/boxscore/3787
13201817,https://snuathletics.com/sports/womens-soccer/stats/2018/northwestern-oklahoma-state/boxscore/3788
13201818,https://snuathletics.com/sports/womens-soccer/stats/2018/southwestern-oklahoma-state/boxscore/3789
13201901,https://snuathletics.com/sports/womens-soccer/stats/2019/missouri-southern-state/boxscore/4269
13201902,https://snuathletics.com/sports/womens-soccer/stats/2019/central-oklahoma/boxscore/4270
13201903,https://snuathletics.com/sports/womens-soccer/stats/2019/northeastern-state/boxscore/4271
13201904,https://snuathletics.com/sports/womens-soccer/stats/2019/rogers-state/boxscore/4272
13201905,https://snuathletics.com/sports/womens-soccer/stats/2019/oklahoma-christian/boxscore/4273
13201906,https://snuathletics.com/sports/womens-soccer/stats/2019/eastern-new-mexico/boxscore/4274
13201907,https://snuathletics.com/sports/womens-soccer/stats/2019/oklahoma-baptist/boxscore/4277
13201908,https://snuathletics.com/sports/womens-soccer/stats/2019/harding/boxscore/4278
13201909,https://snuathletics.com/sports/womens-soccer/stats/2019/ouachita-baptist/boxscore/4279
13201910,https://snuathletics.com/sports/womens-soccer/stats/2019/oklahoma-baptist/boxscore/4280
13201911,https://snuathletics.com/sports/womens-soccer/stats/2019/northwestern-oklahoma-state/boxscore/4282
13201912,https://snuathletics.com/sports/womens-soccer/stats/2019/southwestern-oklahoma-state/boxscore/4283
13201913,https://snuathletics.com/sports/womens-soccer/stats/2019/east-central/boxscore/4281
13201914,https://snuathletics.com/sports/womens-soccer/stats/2019/ouachita-baptist/boxscore/4284
13201915,https://snuathletics.com/sports/womens-soccer/stats/2019/harding/boxscore/4285
13201916,https://snuathletics.com/sports/womens-soccer/stats/2019/east-central/boxscore/4286
13201917,https://snuathletics.com/sports/womens-soccer/stats/2019/southwestern-oklahoma-state/boxscore/4287
13201918,https://snuathletics.com/sports/womens-soccer/stats/2019/northwestern-oklahoma-state/boxscore/4288
13202001,https://snuathletics.com/sports/womens-soccer/stats/2020/oklahoma-baptist/boxscore/4799
13202002,https://snuathletics.com/sports/womens-soccer/stats/2020/ouachita-baptist/boxscore/4798
13202003,https://snuathletics.com/sports/womens-soccer/stats/2020/southwestern-oklahoma-state/boxscore/4800
13202004,https://snuathletics.com/sports/womens-soccer/stats/2020/east-central/boxscore/4801
13202005,https://snuathletics.com/sports/womens-soccer/stats/2020/northwestern-oklahoma-state/boxscore/4802
13202006,https://snuathletics.com/sports/womens-soccer/stats/2020/harding/boxscore/4803
13202007,https://snuathletics.com/sports/womens-soccer/stats/2020/-3-southwestern-oklahoma-state/boxscore/4970
13202008,https://snuathletics.com/sports/womens-soccer/stats/2020/-2-ouachita-baptist/boxscore/4971
13202101,https://snuathletics.com/sports/womens-soccer/stats/2021/oklahoma-panhandle-state/boxscore/5035
13202102,https://snuathletics.com/sports/womens-soccer/stats/2021/regis-university/boxscore/5036
13202103,https://snuathletics.com/sports/womens-soccer/stats/2021/st-marys-tx-/boxscore/5037
13202104,https://snuathletics.com/sports/womens-soccer/stats/2021/missouri-southern/boxscore/5038
13202105,https://snuathletics.com/sports/womens-soccer/stats/2021/mcmurry-university/boxscore/5039
13202106,https://snuathletics.com/sports/womens-soccer/stats/2021/texas-permian-basin/boxscore/5040
13202107,https://snuathletics.com/sports/womens-soccer/stats/2021/ouachita-baptist/boxscore/5041
13202108,https://snuathletics.com/sports/womens-soccer/stats/2021/harding/boxscore/5042
13202109,https://snuathletics.com/sports/womens-soccer/stats/2021/oklahoma-baptist/boxscore/5043
13202110,https://snuathletics.com/sports/womens-soccer/stats/2021/east-central/boxscore/5044
13202111,https://snuathletics.com/sports/womens-soccer/stats/2021/southwestern-oklahoma-state/boxscore/5045
13202112,https://snuathletics.com/sports/womens-soccer/stats/2021/northwestern-oklahoma-state/boxscore/5046
13202113,https://snuathletics.com/sports/womens-soccer/stats/2021/ouachita-baptist-university/boxscore/5047
13202114,https://snuathletics.com/sports/womens-soccer/stats/2021/harding-university/boxscore/5048
13202115,https://snuathletics.com/sports/womens-soccer/stats/2021/oklahoma-baptist/boxscore/5049
13202116,https://snuathletics.com/sports/womens-soccer/stats/2021/east-central-university/boxscore/5050
13202117,https://snuathletics.com/sports/womens-soccer/stats/2021/northwestern-oklahoma-state/boxscore/5051
13202118,https://snuathletics.com/sports/womens-soccer/stats/2021/southwestern-oklahoma-state/boxscore/5052
13202201,https://snuathletics.com/sports/womens-soccer/stats/2022/st-mary-s/boxscore/5436
13202202,https://snuathletics.com/sports/womens-soccer/stats/2022/dallas-christian-college/boxscore/5437
13202203,https://snuathletics.com/sports/womens-soccer/stats/2022/oklahoma-christian/boxscore/5438
13202204,https://snuathletics.com/sports/womens-soccer/stats/2022/newman/boxscore/5439
13202205,https://snuathletics.com/sports/womens-soccer/stats/2022/central-christian-college-kan-/boxscore/5664
13202206,https://snuathletics.com/sports/womens-soccer/stats/2022/east-central/boxscore/5442
13202207,https://snuathletics.com/sports/womens-soccer/stats/2022/harding/boxscore/5443
13202208,https://snuathletics.com/sports/womens-soccer/stats/2022/ouachita-baptist/boxscore/5444
13202209,https://snuathletics.com/sports/womens-soccer/stats/2022/oklahoma-baptist/boxscore/5445
13202210,https://snuathletics.com/sports/womens-soccer/stats/2022/east-central/boxscore/5446
13202211,https://snuathletics.com/sports/womens-soccer/stats/2022/northwestern-oklahoma-state/boxscore/5447
13202212,https://snuathletics.com/sports/womens-soccer/stats/2022/southwestern-oklahoma-state/boxscore/5448
13202213,https://snuathletics.com/sports/womens-soccer/stats/2022/ouachita-baptist/boxscore/5449
13202214,https://snuathletics.com/sports/womens-soccer/stats/2022/harding/boxscore/5450
13202215,https://snuathletics.com/sports/womens-soccer/stats/2022/oklahoma-baptist/boxscore/5451
13202216,https://snuathletics.com/sports/womens-soccer/stats/2022/randall/boxscore/5440
13202217,https://snuathletics.com/sports/womens-soccer/stats/2022/southwestern-oklahoma-state/boxscore/5452
13202218,https://snuathletics.com/sports/womens-soccer/stats/2022/northwestern-oklahoma-state/boxscore/5453
13202301,https://snuathletics.com/sports/womens-soccer/stats/2023/newman/boxscore/5967
13202302,https://snuathletics.com/sports/womens-soccer/stats/2023/nebraska-kearney/boxscore/5969
13202303,https://snuathletics.com/sports/womens-soccer/stats/2023/oklahoma-christian/boxscore/5970
13202304,https://snuathletics.com/sports/womens-soccer/stats/2023/texas-woman-s/boxscore/5971
13202305,https://snuathletics.com/sports/womens-soccer/stats/2023/dallas-christian/boxscore/5972
13202306,https://snuathletics.com/sports/womens-soccer/stats/2023/new-mexico-highlands/boxscore/5973
13202307,https://snuathletics.com/sports/womens-soccer/stats/2023/oklahoma-baptist/boxscore/5974
13202308,https://snuathletics.com/sports/womens-soccer/stats/2023/northwestern-oklahoma-state/boxscore/5975
13202309,https://snuathletics.com/sports/womens-soccer/stats/2023/east-central/boxscore/5976
13202310,https://snuathletics.com/sports/womens-soccer/stats/2023/harding/boxscore/5977
13202311,https://snuathletics.com/sports/womens-soccer/stats/2023/ouachita-baptist/boxscore/5978
13202312,https://snuathletics.com/sports/womens-soccer/stats/2023/oklahoma-baptist/boxscore/5979
13202313,https://snuathletics.com/sports/womens-soccer/stats/2023/southwestern-oklahoma-state/boxscore/5981
13202314,https://snuathletics.com/sports/womens-soccer/stats/2023/east-central/boxscore/5982
13202315,https://snuathletics.com/sports/womens-soccer/stats/2023/ouachita-baptist/boxscore/5983
13202316,https://snuathletics.com/sports/womens-soccer/stats/2023/harding/boxscore/5984
13202317,https://snuathletics.com/sports/womens-soccer/stats/2023/northwestern-oklahoma-state/boxscore/5986
13202318,https://snuathletics.com/sports/womens-soccer/stats/2023/southwestern-oklahoma-state/boxscore/5987
13202319,https://snuathletics.com/sports/womens-soccer/stats/2023/ouachita-baptist-university/boxscore/6181
13202401,https://snuathletics.com/sports/womens-soccer/stats/2024/northwest-missouri-state-university/boxscore/6484
13202402,https://snuathletics.com/sports/womens-soccer/stats/2024/texas-womans-university/boxscore/6486
13202403,https://snuathletics.com/sports/womens-soccer/stats/2024/pittsburg-state-university/boxscore/6487
13202404,https://snuathletics.com/sports/womens-soccer/stats/2024/university-of-central-oklahoma/boxscore/6488
13202405,https://snuathletics.com/sports/womens-soccer/stats/2024/newman-university/boxscore/6489
13202406,https://snuathletics.com/sports/womens-soccer/stats/2024/northwestern-oklahoma-state-university/boxscore/6490
13202407,https://snuathletics.com/sports/womens-soccer/stats/2024/southwestern-oklahoma-state-university/boxscore/6491
13202408,https://snuathletics.com/sports/womens-soccer/stats/2024/east-central-university/boxscore/6493
13202409,https://snuathletics.com/sports/womens-soccer/stats/2024/harding-university/boxscore/6494
13202410,https://snuathletics.com/sports/womens-soccer/stats/2024/ouachita-baptist-university/boxscore/6496
13202411,https://snuathletics.com/sports/womens-soccer/stats/2024/oklahoma-baptist-university/boxscore/6497
13202412,https://snuathletics.com/sports/womens-soccer/stats/2024/southwestern-oklahoma-state-university/boxscore/6498
13202413,https://snuathletics.com/sports/womens-soccer/stats/2024/harding-university/boxscore/6499
13202414,https://snuathletics.com/sports/womens-soccer/stats/2024/ouachita-baptist-university/boxscore/6500
13202415,https://snuathletics.com/sports/womens-soccer/stats/2024/east-central-university/boxscore/6501
13202416,https://snuathletics.com/sports/womens-soccer/stats/2024/oklahoma-baptist-university/boxscore/6503
13202417,https://snuathletics.com/sports/womens-soccer/stats/2024/northwestern-oklahoma-state-university/boxscore/6504
13202418,https://snuathletics.com/sports/womens-soccer/stats/2024/ouachita-baptist-university/boxscore/6860
13202501,https://snuathletics.com/sports/womens-soccer/stats/2025/midwestern-state-university-texas/boxscore/7070
13202502,https://snuathletics.com/sports/womens-soccer/stats/2025/randall-university/boxscore/7071
13202503,https://snuathletics.com/sports/womens-soccer/stats/2025/texas-womans-university/boxscore/7072
13202504,https://snuathletics.com/sports/womens-soccer/stats/2025/pittsburg-state-university/boxscore/7073
13202505,https://snuathletics.com/sports/womens-soccer/stats/2025/university-of-central-oklahoma/boxscore/7074
13202506,https://snuathletics.com/sports/womens-soccer/stats/2025/newman-university/boxscore/7075
13202507,https://snuathletics.com/sports/womens-soccer/stats/2025/southwestern-oklahoma-state-university/boxscore/7076
13202508,https://snuathletics.com/sports/womens-soccer/stats/2025/northwestern-oklahoma-state-university/boxscore/7077
13202509,https://snuathletics.com/sports/womens-soccer/stats/2025/ouachita-baptist-university/boxscore/7078
13202510,https://snuathletics.com/sports/womens-soccer/stats/2025/harding-university/boxscore/7079
13202511,https://snuathletics.com/sports/womens-soccer/stats/2025/east-central-university/boxscore/7080
13202512,https://snuathletics.com/sports/womens-soccer/stats/2025/oklahoma-baptist-university/boxscore/7081
13202513,https://snuathletics.com/sports/womens-soccer/stats/2025/southwestern-oklahoma-state-university/boxscore/7082
13202514,https://snuathletics.com/sports/womens-soccer/stats/2025/ouachita-baptist-university/boxscore/7083
13202515,https://snuathletics.com/sports/womens-soccer/stats/2025/harding-university/boxscore/7084
13202516,https://snuathletics.com/sports/womens-soccer/stats/2025/east-central-university/boxscore/7085
13202517,https://snuathletics.com/sports/womens-soccer/stats/2025/oklahoma-baptist-university/boxscore/7086
13202518,https://snuathletics.com/sports/womens-soccer/stats/2025/northwestern-oklahoma-state-university/boxscore/7087
14201601,https://swosuathletics.com/sports/womens-soccer/stats/2016/-5-university-of-central-missouri/boxscore/2066
14201602,https://swosuathletics.com/sports/womens-soccer/stats/2016/southwest-baptist-university/boxscore/2067
14201603,https://swosuathletics.com/sports/womens-soccer/stats/2016/randall-university/boxscore/2068
14201604,https://swosuathletics.com/sports/womens-soccer/stats/2016/southwestern-christian-university/boxscore/2069
14201605,https://swosuathletics.com/sports/womens-soccer/stats/2016/university-of-central-oklahoma/boxscore/2070
14201606,https://swosuathletics.com/sports/womens-soccer/stats/2016/northwestern-oklahoma-state-university/boxscore/2072
14201607,https://swosuathletics.com/sports/womens-soccer/stats/2016/east-central-university/boxscore/2073
14201608,https://swosuathletics.com/sports/womens-soccer/stats/2016/ouachita-baptist-university/boxscore/2074
14201609,https://swosuathletics.com/sports/womens-soccer/stats/2016/harding-university/boxscore/2075
14201610,https://swosuathletics.com/sports/womens-soccer/stats/2016/southern-nazarene-university/boxscore/2076
14201611,https://swosuathletics.com/sports/womens-soccer/stats/2016/oklahoma-baptist-university/boxscore/2077
14201612,https://swosuathletics.com/sports/womens-soccer/stats/2016/northwestern-oklahoma-state-university/boxscore/2078
14201613,https://swosuathletics.com/sports/womens-soccer/stats/2016/east-central-university/boxscore/2079
14201614,https://swosuathletics.com/sports/womens-soccer/stats/2016/harding-university/boxscore/2080
14201615,https://swosuathletics.com/sports/womens-soccer/stats/2016/ouachita-baptist-university/boxscore/2081
14201616,https://swosuathletics.com/sports/womens-soccer/stats/2016/oklahoma-baptist-university/boxscore/2082
14201617,https://swosuathletics.com/sports/womens-soccer/stats/2016/southern-nazarene-university/boxscore/2083
14201618,https://swosuathletics.com/sports/womens-soccer/stats/2016/-4-southern-nazarene-university/boxscore/2187
14201619,https://swosuathletics.com/sports/womens-soccer/stats/2016/-3-harding-university/boxscore/2245
14201701,https://swosuathletics.com/sports/womens-soccer/stats/2017/university-of-central-missouri/boxscore/2399
14201702,https://swosuathletics.com/sports/womens-soccer/stats/2017/southwest-baptist-university/boxscore/2400
14201703,https://swosuathletics.com/sports/womens-soccer/stats/2017/university-of-central-oklahoma/boxscore/2401
14201704,https://swosuathletics.com/sports/womens-soccer/stats/2017/west-texas-am-university/boxscore/2402
14201705,https://swosuathletics.com/sports/womens-soccer/stats/2017/angelo-state-university/boxscore/2403
14201706,https://swosuathletics.com/sports/womens-soccer/stats/2017/northwestern-oklahoma-state-university/boxscore/2404
14201707,https://swosuathletics.com/sports/womens-soccer/stats/2017/east-central-university/boxscore/2405
14201708,https://swosuathletics.com/sports/womens-soccer/stats/2017/harding-university/boxscore/2406
14201709,https://swosuathletics.com/sports/womens-soccer/stats/2017/ouachita-baptist-university/boxscore/2407
14201710,https://swosuathletics.com/sports/womens-soccer/stats/2017/oklahoma-baptist-university/boxscore/2408
14201711,https://swosuathletics.com/sports/womens-soccer/stats/2017/southern-nazarene-university/boxscore/2409
14201712,https://swosuathletics.com/sports/womens-soccer/stats/2017/northwestern-oklahoma-state-university/boxscore/2410
14201713,https://swosuathletics.com/sports/womens-soccer/stats/2017/east-central-university/boxscore/2411
14201714,https://swosuathletics.com/sports/womens-soccer/stats/2017/ouachita-baptist-university/boxscore/2412
14201715,https://swosuathletics.com/sports/womens-soccer/stats/2017/harding-university/boxscore/2413
14201716,https://swosuathletics.com/sports/womens-soccer/stats/2017/southern-nazarene-university/boxscore/2414
14201717,https://swosuathletics.com/sports/womens-soccer/stats/2017/oklahoma-baptist-university/boxscore/2415
14201718,https://swosuathletics.com/sports/womens-soccer/stats/2017/-3-harding-university/boxscore/2417
14201719,https://swosuathletics.com/sports/womens-soccer/stats/2017/-1-oklahoma-baptist-university/boxscore/2505
14201720,https://swosuathletics.com/sports/womens-soccer/stats/2017/-3-missouri-western-state-university/boxscore/2512
14201721,https://swosuathletics.com/sports/womens-soccer/stats/2017/-2-minnesota-state-university-mankato/boxscore/2513
14201722,https://swosuathletics.com/sports/womens-soccer/stats/2017/-1-university-of-central-missouri/boxscore/2521
14201801,https://swosuathletics.com/sports/womens-soccer/stats/2018/university-of-central-missouri/boxscore/2655
14201802,https://swosuathletics.com/sports/womens-soccer/stats/2018/university-of-central-oklahoma/boxscore/2656
14201803,https://swosuathletics.com/sports/womens-soccer/stats/2018/oklahoma-christian-university/boxscore/2657
14201804,https://swosuathletics.com/sports/womens-soccer/stats/2018/lubbock-christian-university-texas-/boxscore/2658
14201805,https://swosuathletics.com/sports/womens-soccer/stats/2018/angelo-state-university/boxscore/2659
14201806,https://swosuathletics.com/sports/womens-soccer/stats/2018/northwestern-oklahoma-state-university/boxscore/2661
14201807,https://swosuathletics.com/sports/womens-soccer/stats/2018/east-central-university/boxscore/2662
14201808,https://swosuathletics.com/sports/womens-soccer/stats/2018/ouachita-baptist-university/boxscore/2663
14201809,https://swosuathletics.com/sports/womens-soccer/stats/2018/harding-university/boxscore/2664
14201810,https://swosuathletics.com/sports/womens-soccer/stats/2018/southern-nazarene-university/boxscore/2665
14201811,https://swosuathletics.com/sports/womens-soccer/stats/2018/oklahoma-baptist-university/boxscore/2666
14201812,https://swosuathletics.com/sports/womens-soccer/stats/2018/east-central-university/boxscore/2668
14201813,https://swosuathletics.com/sports/womens-soccer/stats/2018/northwestern-oklahoma-state-university/boxscore/2667
14201814,https://swosuathletics.com/sports/womens-soccer/stats/2018/harding-university/boxscore/2669
14201815,https://swosuathletics.com/sports/womens-soccer/stats/2018/ouachita-baptist-university/boxscore/2670
14201816,https://swosuathletics.com/sports/womens-soccer/stats/2018/oklahoma-baptist-university/boxscore/2671
14201817,https://swosuathletics.com/sports/womens-soccer/stats/2018/southern-nazarene-university/boxscore/2672
14201818,https://swosuathletics.com/sports/womens-soccer/stats/2018/harding-university/boxscore/2673
14201819,https://swosuathletics.com/sports/womens-soccer/stats/2018/oklahoma-baptist-university/boxscore/2839
14201901,https://swosuathletics.com/sports/womens-soccer/stats/2019/university-of-central-missouri/boxscore/2987
14201902,https://swosuathletics.com/sports/womens-soccer/stats/2019/oklahoma-christian-university/boxscore/2988
14201903,https://swosuathletics.com/sports/womens-soccer/stats/2019/lubbock-christian-university-texas-/boxscore/2989
14201904,https://swosuathletics.com/sports/womens-soccer/stats/2019/midwestern-state-university-texas/boxscore/2990
14201905,https://swosuathletics.com/sports/womens-soccer/stats/2019/california-state-university-monterey-bay/boxscore/2991
14201906,https://swosuathletics.com/sports/womens-soccer/stats/2019/holy-names-university-calif-/boxscore/2992
14201907,https://swosuathletics.com/sports/womens-soccer/stats/2019/northwestern-oklahoma-state-university/boxscore/2993
14201908,https://swosuathletics.com/sports/womens-soccer/stats/2019/east-central-university/boxscore/2994
14201909,https://swosuathletics.com/sports/womens-soccer/stats/2019/harding-university/boxscore/2995
14201910,https://swosuathletics.com/sports/womens-soccer/stats/2019/ouachita-baptist-university/boxscore/2996
14201911,https://swosuathletics.com/sports/womens-soccer/stats/2019/oklahoma-baptist-university/boxscore/2997
14201912,https://swosuathletics.com/sports/womens-soccer/stats/2019/southern-nazarene-university/boxscore/2998
14201913,https://swosuathletics.com/sports/womens-soccer/stats/2019/northwestern-oklahoma-state-university/boxscore/2999
14201914,https://swosuathletics.com/sports/womens-soccer/stats/2019/east-central-university/boxscore/3000
14201915,https://swosuathletics.com/sports/womens-soccer/stats/2019/ouachita-baptist-university/boxscore/3001
14201916,https://swosuathletics.com/sports/womens-soccer/stats/2019/harding-university/boxscore/3002
14201917,https://swosuathletics.com/sports/womens-soccer/stats/2019/southern-nazarene-university/boxscore/3003
14201918,https://swosuathletics.com/sports/womens-soccer/stats/2019/oklahoma-baptist-university/boxscore/3004
14201919,https://swosuathletics.com/sports/womens-soccer/stats/2019/-4-harding-university/boxscore/3074
14201920,https://swosuathletics.com/sports/womens-soccer/stats/2019/-3-oklahoma-baptist-university/boxscore/3168
14201921,https://swosuathletics.com/sports/womens-soccer/stats/2019/-2-university-of-central-missouri/boxscore/3169
14202001,https://swosuathletics.com/sports/womens-soccer/stats/2020/east-central-university/boxscore/5459
14202002,https://swosuathletics.com/sports/womens-soccer/stats/2020/northwestern-oklahoma-state-university/boxscore/3494
14202003,https://swosuathletics.com/sports/womens-soccer/stats/2020/ouachita-baptist-university/boxscore/3495
14202004,https://swosuathletics.com/sports/womens-soccer/stats/2020/rogers-state-university-okla-/boxscore/5460
14202005,https://swosuathletics.com/sports/womens-soccer/stats/2020/southern-nazarene-university/boxscore/3499
14202006,https://swosuathletics.com/sports/womens-soccer/stats/2020/harding-university/boxscore/3490
14202007,https://swosuathletics.com/sports/womens-soccer/stats/2020/oklahoma-baptist-university/boxscore/3497
14202008,https://swosuathletics.com/sports/womens-soccer/stats/2020/east-central-university/boxscore/3498
14202009,https://swosuathletics.com/sports/womens-soccer/stats/2020/southern-nazarene-university/boxscore/4944
14202101,https://swosuathletics.com/sports/womens-soccer/stats/2021/northeastern-state-university/boxscore/5508
14202102,https://swosuathletics.com/sports/womens-soccer/stats/2021/university-of-central-missouri/boxscore/5509
14202103,https://swosuathletics.com/sports/womens-soccer/stats/2021/rogers-state-university-okla-/boxscore/5510
14202104,https://swosuathletics.com/sports/womens-soccer/stats/2021/angelo-state-university/boxscore/5511
14202105,https://swosuathletics.com/sports/womens-soccer/stats/2021/oklahoma-christian-university/boxscore/5512
14202106,https://swosuathletics.com/sports/womens-soccer/stats/2021/west-texas-am-university/boxscore/5513
14202107,https://swosuathletics.com/sports/womens-soccer/stats/2021/northwestern-oklahoma-state-university/boxscore/5514
14202108,https://swosuathletics.com/sports/womens-soccer/stats/2021/east-central-university/boxscore/5515
14202109,https://swosuathletics.com/sports/womens-soccer/stats/2021/ouachita-baptist-university/boxscore/5516
14202110,https://swosuathletics.com/sports/womens-soccer/stats/2021/harding-university/boxscore/5517
14202111,https://swosuathletics.com/sports/womens-soccer/stats/2021/southern-nazarene-university/boxscore/5518
14202112,https://swosuathletics.com/sports/womens-soccer/stats/2021/oklahoma-baptist-university/boxscore/5519
14202113,https://swosuathletics.com/sports/womens-soccer/stats/2021/northwestern-oklahoma-state-university/boxscore/5520
14202114,https://swosuathletics.com/sports/womens-soccer/stats/2021/east-central-university/boxscore/5521
14202115,https://swosuathletics.com/sports/womens-soccer/stats/2021/ouachita-baptist-university/boxscore/5522
14202116,https://swosuathletics.com/sports/womens-soccer/stats/2021/harding-university/boxscore/5523
14202117,https://swosuathletics.com/sports/womens-soccer/stats/2021/oklahoma-baptist-university/boxscore/5524
14202118,https://swosuathletics.com/sports/womens-soccer/stats/2021/southern-nazarene-university/boxscore/5525
14202119,https://swosuathletics.com/sports/womens-soccer/stats/2021/ouachita-baptist-university/boxscore/5641
14202120,https://swosuathletics.com/sports/womens-soccer/stats/2021/oklahoma-baptist-university/boxscore/5642
14202121,https://swosuathletics.com/sports/womens-soccer/stats/2021/-11-university-of-central-missouri/boxscore/5644
14202201,https://swosuathletics.com/sports/womens-soccer/stats/2022/central-missouri/boxscore/5846
14202202,https://swosuathletics.com/sports/womens-soccer/stats/2022/northeastern-state/boxscore/5847
14202203,https://swosuathletics.com/sports/womens-soccer/stats/2022/colorado-colorado-springs/boxscore/5849
14202204,https://swosuathletics.com/sports/womens-soccer/stats/2022/west-texas-am/boxscore/5850
14202205,https://swosuathletics.com/sports/womens-soccer/stats/2022/oklahoma-christian/boxscore/5851
14202206,https://swosuathletics.com/sports/womens-soccer/stats/2022/northwestern-oklahoma-state/boxscore/5852
14202207,https://swosuathletics.com/sports/womens-soccer/stats/2022/midwestern-state/boxscore/5848
14202208,https://swosuathletics.com/sports/womens-soccer/stats/2022/east-central/boxscore/5853
14202209,https://swosuathletics.com/sports/womens-soccer/stats/2022/harding/boxscore/5854
14202210,https://swosuathletics.com/sports/womens-soccer/stats/2022/ouachita-baptist/boxscore/5855
14202211,https://swosuathletics.com/sports/womens-soccer/stats/2022/oklahoma-baptist/boxscore/5856
14202212,https://swosuathletics.com/sports/womens-soccer/stats/2022/southern-nazarene/boxscore/5857
14202213,https://swosuathletics.com/sports/womens-soccer/stats/2022/northwestern-oklahoma-state/boxscore/5858
14202214,https://swosuathletics.com/sports/womens-soccer/stats/2022/east-central/boxscore/5859
14202215,https://swosuathletics.com/sports/womens-soccer/stats/2022/ouachita-baptist/boxscore/5860
14202216,https://swosuathletics.com/sports/womens-soccer/stats/2022/harding/boxscore/5861
14202217,https://swosuathletics.com/sports/womens-soccer/stats/2022/southern-nazarene/boxscore/5862
14202218,https://swosuathletics.com/sports/womens-soccer/stats/2022/oklahoma-baptist/boxscore/5863
14202219,https://swosuathletics.com/sports/womens-soccer/stats/2022/northwestern-oklahoma-state/boxscore/5864
14202220,https://swosuathletics.com/sports/womens-soccer/stats/2022/oklahoma-baptist-university/boxscore/6033
14202221,https://swosuathletics.com/sports/womens-soccer/stats/2022/-4-central-missouri/boxscore/6034
14202301,https://swosuathletics.com/sports/womens-soccer/stats/2023/emporia-state/boxscore/6329
14202302,https://swosuathletics.com/sports/womens-soccer/stats/2023/dallas-baptist/boxscore/6330
14202303,https://swosuathletics.com/sports/womens-soccer/stats/2023/central-oklahoma/boxscore/6331
14202304,https://swosuathletics.com/sports/womens-soccer/stats/2023/colorado-colorado-springs/boxscore/6332
14202305,https://swosuathletics.com/sports/womens-soccer/stats/2023/west-texas-am/boxscore/6333
14202306,https://swosuathletics.com/sports/womens-soccer/stats/2023/midwestern-state/boxscore/6334
14202307,https://swosuathletics.com/sports/womens-soccer/stats/2023/northwestern-oklahoma-state/boxscore/6335
14202308,https://swosuathletics.com/sports/womens-soccer/stats/2023/oklahoma-baptist/boxscore/6336
14202309,https://swosuathletics.com/sports/womens-soccer/stats/2023/harding/boxscore/6337
14202310,https://swosuathletics.com/sports/womens-soccer/stats/2023/ouachita-baptist/boxscore/6338
14202311,https://swosuathletics.com/sports/womens-soccer/stats/2023/east-central/boxscore/6339
14202312,https://swosuathletics.com/sports/womens-soccer/stats/2023/northwestern-oklahoma-state/boxscore/6340
14202313,https://swosuathletics.com/sports/womens-soccer/stats/2023/southern-nazarene/boxscore/6341
14202314,https://swosuathletics.com/sports/womens-soccer/stats/2023/harding/boxscore/6342
14202315,https://swosuathletics.com/sports/womens-soccer/stats/2023/ouachita-baptist/boxscore/6343
14202316,https://swosuathletics.com/sports/womens-soccer/stats/2023/east-central/boxscore/6344
14202317,https://swosuathletics.com/sports/womens-soccer/stats/2023/oklahoma-baptist/boxscore/6345
14202318,https://swosuathletics.com/sports/womens-soccer/stats/2023/southern-nazarene/boxscore/6346
14202319,https://swosuathletics.com/sports/womens-soccer/stats/2023/oklahoma-baptist/boxscore/6347
14202401,https://swosuathletics.com/sports/womens-soccer/stats/2024/central-oklahoma/boxscore/6630
14202402,https://swosuathletics.com/sports/womens-soccer/stats/2024/dallas-baptist/boxscore/6631
14202403,https://swosuathletics.com/sports/womens-soccer/stats/2024/oklahoma-christian/boxscore/6632
14202404,https://swosuathletics.com/sports/womens-soccer/stats/2024/missouri-southern/boxscore/6633
14202405,https://swosuathletics.com/sports/womens-soccer/stats/2024/fort-hays-state/boxscore/6634
14202406,https://swosuathletics.com/sports/womens-soccer/stats/2024/pittsburg-state/boxscore/6635
14202407,https://swosuathletics.com/sports/womens-soccer/stats/2024/oklahoma-baptist/boxscore/6636
14202408,https://swosuathletics.com/sports/womens-soccer/stats/2024/southern-nazarene/boxscore/6637
14202409,https://swosuathletics.com/sports/womens-soccer/stats/2024/harding/boxscore/6638
14202410,https://swosuathletics.com/sports/womens-soccer/stats/2024/ouachita-baptist/boxscore/6639
14202411,https://swosuathletics.com/sports/womens-soccer/stats/2024/east-central/boxscore/6640
14202412,https://swosuathletics.com/sports/womens-soccer/stats/2024/northwestern-oklahoma-state/boxscore/6641
14202413,https://swosuathletics.com/sports/womens-soccer/stats/2024/southern-nazarene/boxscore/6642
14202414,https://swosuathletics.com/sports/womens-soccer/stats/2024/east-central/boxscore/6643
14202415,https://swosuathletics.com/sports/womens-soccer/stats/2024/ouachita-baptist/boxscore/6644
14202416,https://swosuathletics.com/sports/womens-soccer/stats/2024/northwestern-oklahoma-state/boxscore/6646
14202417,https://swosuathletics.com/sports/womens-soccer/stats/2024/oklahoma-baptist/boxscore/6647
14202418,https://swosuathletics.com/sports/womens-soccer/stats/2024/harding/boxscore/6645
14202501,https://swosuathletics.com/sports/womens-soccer/stats/2025/western-colorado/boxscore/6936
14202502,https://swosuathletics.com/sports/womens-soccer/stats/2025/colorado-christian/boxscore/6937
14202503,https://swosuathletics.com/sports/womens-soccer/stats/2025/newman/boxscore/6938
14202504,https://swosuathletics.com/sports/womens-soccer/stats/2025/missouri-southern/boxscore/6939
14202505,https://swosuathletics.com/sports/womens-soccer/stats/2025/pitt-state/boxscore/6940
14202506,https://swosuathletics.com/sports/womens-soccer/stats/2025/central-oklahoma/boxscore/6941
14202507,https://swosuathletics.com/sports/womens-soccer/stats/2025/southern-nazarene/boxscore/6942
14202508,https://swosuathletics.com/sports/womens-soccer/stats/2025/oklahoma-baptist/boxscore/6943
14202509,https://swosuathletics.com/sports/womens-soccer/stats/2025/east-central/boxscore/6944
14202510,https://swosuathletics.com/sports/womens-soccer/stats/2025/ouachita-baptist/boxscore/6945
14202511,https://swosuathletics.com/sports/womens-soccer/stats/2025/harding/boxscore/6946
14202512,https://swosuathletics.com/sports/womens-soccer/stats/2025/northwestern-oklahoma-state/boxscore/6947
14202513,https://swosuathletics.com/sports/womens-soccer/stats/2025/southern-nazarene/boxscore/6948
14202514,https://swosuathletics.com/sports/womens-soccer/stats/2025/east-central/boxscore/6949
14202515,https://swosuathletics.com/sports/womens-soccer/stats/2025/harding/boxscore/6950
14202516,https://swosuathletics.com/sports/womens-soccer/stats/2025/ouachita-baptist/boxscore/6951
14202517,https://swosuathletics.com/sports/womens-soccer/stats/2025/northwestern-oklahoma-state/boxscore/6952
14202518,https://swosuathletics.com/sports/womens-soccer/stats/2025/oklahoma-baptist/boxscore/6953
14202519,https://swosuathletics.com/sports/womens-soccer/stats/2025/ouachita-baptist/boxscore/6954
